-- -------------------------------------------------------------
-- -------------------------------------------------------------
-- TablePlus 1.2.0
--
-- https://tableplus.com/
--
-- Database: postgres
-- Generation Time: 2024-08-23 20:34:59.574864
-- -------------------------------------------------------------

DROP TABLE "public"."divisions";


-- This script only contains the table creation statements and does not fully represent the table in database. It's still missing: indices, triggers. Do not use it as backup.

-- Table Definition
CREATE TABLE "public"."divisions" (
    "id" varchar NOT NULL,
    "name" varchar NOT NULL,
    "created_at" timestamp NOT NULL DEFAULT now(),
    "updated_at" timestamp,
    "deleted_at" timestamp,
    PRIMARY KEY ("id")
);

DROP TABLE "public"."plta";


-- This script only contains the table creation statements and does not fully represent the table in database. It's still missing: indices, triggers. Do not use it as backup.

-- Table Definition
CREATE TABLE "public"."plta" (
    "id" varchar NOT NULL,
    "name" varchar NOT NULL,
    "status" bool NOT NULL DEFAULT false,
    "lat" float8 NOT NULL DEFAULT 0,
    "long" float8 NOT NULL DEFAULT 0,
    "radius_status" bool NOT NULL DEFAULT false,
    "radius" float8,
    "radius_type" varchar,
    "created_at" timestamp NOT NULL DEFAULT now(),
    "created_by" varchar NOT NULL DEFAULT ''::character varying,
    "updated_at" timestamp,
    "updated_by" varchar,
    "deleted_at" timestamp,
    "deleted_by" varchar,
    PRIMARY KEY ("id")
);

DROP TABLE "public"."plta_units";


-- This script only contains the table creation statements and does not fully represent the table in database. It's still missing: indices, triggers. Do not use it as backup.

-- Table Definition
CREATE TABLE "public"."plta_units" (
    "id" varchar NOT NULL,
    "plta_id" varchar NOT NULL,
    "status" bool NOT NULL,
    "created_at" timestamp NOT NULL DEFAULT now(),
    "updated_at" timestamp,
    "deleted_at" timestamp,
    "name" varchar NOT NULL,
    "created_by" varchar NOT NULL,
    "updated_by" varchar,
    "deleted_by" varchar,
    PRIMARY KEY ("id")
);

DROP TABLE "public"."turbines";


-- This script only contains the table creation statements and does not fully represent the table in database. It's still missing: indices, triggers. Do not use it as backup.

-- Table Definition
CREATE TABLE "public"."turbines" (
    "id" varchar NOT NULL,
    "plta_unit_id" varchar NOT NULL,
    "title" varchar NOT NULL DEFAULT ''::character varying,
    "gen_bearing_to_coupling" float8 NOT NULL,
    "coupling_to_turbine" float8 NOT NULL,
    "data" json NOT NULL,
    "total_bolts" int4 NOT NULL DEFAULT 0,
    "current_torque" float8 NOT NULL DEFAULT 0,
    "max_torque" float8 NOT NULL DEFAULT 0,
    "created_at" timestamp NOT NULL DEFAULT now(),
    "created_by" varchar NOT NULL DEFAULT ''::character varying,
    "deleted_at" timestamp,
    "deleted_by" varchar DEFAULT ''::character varying,
    PRIMARY KEY ("id")
);

DROP TABLE "public"."users";


-- This script only contains the table creation statements and does not fully represent the table in database. It's still missing: indices, triggers. Do not use it as backup.

-- Table Definition
CREATE TABLE "public"."users" (
    "id" varchar NOT NULL,
    "name" varchar NOT NULL,
    "username" varchar NOT NULL,
    "email" varchar NOT NULL,
    "division_id" varchar NOT NULL,
    "role" int4 NOT NULL,
    "status" int4 NOT NULL,
    "password_hash" varchar,
    "password_salt" varchar,
    "activated_by" varchar,
    "blocked_by" varchar,
    "radius_status" bool NOT NULL DEFAULT false,
    "created_at" timestamp NOT NULL DEFAULT now(),
    "created_by" varchar,
    "updated_at" timestamp,
    "updated_by" varchar,
    "deleted_at" timestamp,
    "deleted_by" varchar,
    "phone" varchar NOT NULL DEFAULT ''::character varying,
    PRIMARY KEY ("id")
);

-- Column Comments
COMMENT ON COLUMN "public"."users"."role" IS 'super admin = 1, admin = 2, user = 3';
COMMENT ON COLUMN "public"."users"."status" IS 'inactive = 0, active = 1, blocked by admin = 2';

INSERT INTO "public"."divisions" ("id","name","created_at","updated_at","deleted_at") VALUES ('01J06DRG2A5DEQY8CZH7GDE2N2','Engineer','2024-06-12 21:32:06',NULL,NULL);

INSERT INTO "public"."plta" ("id","name","status","lat","long","radius_status","radius","radius_type","created_at","created_by","updated_at","updated_by","deleted_at","deleted_by") VALUES 
('01J4MDJFYXGM9659B8AFBVKQSY','PLTA LODOYO','TRUE',-8.148784443246594,112.19050091005106,'TRUE',5,'kilometer','2024-08-07 01:05:02.140716','01J06DSG8ZTVZTBW5NZ87XRVMX',NULL,NULL,NULL,NULL),
('01J4MDJFYXGM9659B8AHN31CCC','PLTA TULUNGAGUNG','TRUE',-8.25324225514892,111.79415672539756,'TRUE',5,'kilometer','2024-08-07 01:05:02.140716','01J06DSG8ZTVZTBW5NZ87XRVMX',NULL,NULL,NULL,NULL),
('01J4MDJFYXGM9659B8AJNKF4HC','PLTA WONOREJO','TRUE',-8.021847062687574,111.80530148121383,'TRUE',5,'kilometer','2024-08-07 01:05:02.140716','01J06DSG8ZTVZTBW5NZ87XRVMX',NULL,NULL,NULL,NULL),
('01J4MDJFYXGM9659B8AK41FYVX','PLTA SELOREJO','TRUE',-7.873109493514785,112.35153381004874,'TRUE',5,'kilometer','2024-08-07 01:05:02.140716','01J06DSG8ZTVZTBW5NZ87XRVMX',NULL,NULL,NULL,NULL),
('01J4MDJFYXGM9659B8AMXF0WZE','PLTA MENDALAN','TRUE',-7.855578516559729,112.32198041004864,'TRUE',5,'kilometer','2024-08-07 01:05:02.140716','01J06DSG8ZTVZTBW5NZ87XRVMX',NULL,NULL,NULL,NULL),
('01J4MDJFYXGM9659B8APXDJ5KS','PLTA SIMAN','TRUE',-7.829115773301894,112.30825717750261,'TRUE',5,'kilometer','2024-08-07 01:05:02.140716','01J06DSG8ZTVZTBW5NZ87XRVMX',NULL,NULL,NULL,NULL),
('01J4MDJFYXGM9659B8ASY0A506','PLTA GIRINGAN','TRUE',-7.721443055860269,111.67433845422944,'TRUE',5,'kilometer','2024-08-07 01:05:02.140716','01J06DSG8ZTVZTBW5NZ87XRVMX',NULL,NULL,NULL,NULL),
('01J4MDJFYXGM9659B8AXW8Y9ZP','PLTA GOLANG','TRUE',-7.704148891297087,111.65842684174159,'TRUE',5,'kilometer','2024-08-07 01:05:02.140716','01J06DSG8ZTVZTBW5NZ87XRVMX',NULL,NULL,NULL,NULL),
('01J4MDJFYXGM9659B8B13SYQH5','PLTA NGEBEL','TRUE',-7.814629808283654,111.62044199470273,'TRUE',5,'kilometer','2024-08-07 01:05:02.140716','01J06DSG8ZTVZTBW5NZ87XRVMX',NULL,NULL,NULL,NULL),
('01J4TG8MBF84GK3N73CDPVJP9Q','PLTA TESTG','FALSE',1,1,'FALSE',10,'kilometer','2024-08-09 09:42:41.135557','01J06DSG8ZTVZTBW5NZ87XRVMX',NULL,'','2024-08-09 09:43:05.687083','01J06DSG8ZTVZTBW5NZ87XRVMX'),
('01J4TBVJEA7DWG7ENWYRBMDCK1','PLTA AS','FALSE',-1,1,'FALSE',10,'kilometer','2024-08-09 08:25:38.890629','01J06DSG8ZTVZTBW5NZ87XRVMX',NULL,'','2024-08-09 09:16:17.652326','01J06DSG8ZTVZTBW5NZ87XRVMX'),
('01J4SA9TD4W1DJG1VKEDQ3Z3Y6','PLTA Test','FALSE',-7.2162705,112.7512504,'TRUE',10,'kilometer','2024-08-08 22:39:14.212459','01J06DSG8ZTVZTBW5NZ87XRVMX','2024-08-09 07:55:10.375437','01J06DSG8ZTVZTBW5NZ87XRVMX','2024-08-09 07:55:32.450206','01J06DSG8ZTVZTBW5NZ87XRVMX'),
('01J4T4VAQCBSR0C2CVR0C50P77','PLTA Pagi','FALSE',-1,1,'TRUE',10,'kilometer','2024-08-09 06:23:10.956781','01J06DSG8ZTVZTBW5NZ87XRVMX',NULL,'','2024-08-09 07:31:07.869293','01J06DSG8ZTVZTBW5NZ87XRVMX'),
('01J4TEXBTQ50W5850X4KWEC9JW','PLTA TEST','FALSE',-1,1,'FALSE',10,'kilometer','2024-08-09 09:19:03.383474','01J06DSG8ZTVZTBW5NZ87XRVMX',NULL,'','2024-08-09 09:43:51.112511','01J06DSG8ZTVZTBW5NZ87XRVMX'),
('01J4TBG9B31H10GND8KTBS86YN','PLTA KE','FALSE',-1,1,'FALSE',10,'kilometer','2024-08-09 08:19:29.123975','01J06DSG8ZTVZTBW5NZ87XRVMX',NULL,'','2024-08-09 08:21:34.935062','01J06DSG8ZTVZTBW5NZ87XRVMX'),
('01J4T91SZRP5BMRENM19V03TVS','PLTA Pagi3','FALSE',-1,1,'FALSE',10,'kilometer','2024-08-09 07:36:37.496841','01J06DSG8ZTVZTBW5NZ87XRVMX','2024-08-09 07:37:28.277223','01J06DSG8ZTVZTBW5NZ87XRVMX','2024-08-09 07:37:52.626427','01J06DSG8ZTVZTBW5NZ87XRVMX'),
('01J4T8ZSWXQRVXKWE7S3V9SJZ8','PLTA Pagi2','FALSE',-1,1,'FALSE',10,'kilometer','2024-08-09 07:35:31.869705','01J06DSG8ZTVZTBW5NZ87XRVMX',NULL,'','2024-08-09 07:51:11.580542','01J06DSG8ZTVZTBW5NZ87XRVMX'),
('01J4TBH4V8VH7D7RHWGJ2Z8PYM','PLTA KE2','FALSE',-1,1,'FALSE',10,'kilometer','2024-08-09 08:19:57.288474','01J06DSG8ZTVZTBW5NZ87XRVMX',NULL,'','2024-08-09 08:22:10.301341','01J06DSG8ZTVZTBW5NZ87XRVMX'),
('01J4T8TB1RYKKTNA3DD4J6YGMD','PLTA Pagi','FALSE',-1,1,'FALSE',10,'kilometer','2024-08-09 07:32:32.825007','01J06DSG8ZTVZTBW5NZ87XRVMX',NULL,'','2024-08-09 07:52:20.164802','01J06DSG8ZTVZTBW5NZ87XRVMX'),
('01J4TG5ZT8DSN3R74GDDHKTDND','PLTA TESTLAGI','FALSE',1,1,'FALSE',10,'kilometer','2024-08-09 09:41:14.568482','01J06DSG8ZTVZTBW5NZ87XRVMX',NULL,'','2024-08-09 09:43:15.170458','01J06DSG8ZTVZTBW5NZ87XRVMX'),
('01J4SAKBV5DGBW50B8FDSVVV1Z','PLTA Test 3','FALSE',-7.2162705,112.7512504,'TRUE',10,'kilometer','2024-08-08 22:44:26.981555','01J06DSG8ZTVZTBW5NZ87XRVMX',NULL,'','2024-08-09 07:52:54.103263','01J06DSG8ZTVZTBW5NZ87XRVMX'),
('01J4TBRT857HG6A8703QDW419P','PLTA ABC','FALSE',-1,1,'FALSE',10,'kilometer','2024-08-09 08:24:08.581327','01J06DSG8ZTVZTBW5NZ87XRVMX',NULL,'','2024-08-09 08:25:03.854162','01J06DSG8ZTVZTBW5NZ87XRVMX'),
('01J4SAFXNHHJCCWPWC8DT5V3DF','PLTA Test 2','FALSE',-7.2162705,112.7512504,'TRUE',10,'kilometer','2024-08-08 22:42:34.161353','01J06DSG8ZTVZTBW5NZ87XRVMX',NULL,'','2024-08-09 07:53:34.650509','01J06DSG8ZTVZTBW5NZ87XRVMX'),
('01J4MDJFYXGM9659B8ABEYXTJT','PLTA WLINGI','TRUE',-8.14186513669048,112.24726285237836,'TRUE',5,'kilometer','2024-08-07 01:05:02.140716','01J06DSG8ZTVZTBW5NZ87XRVMX','2024-08-23 16:27:46.168726','01J06DSG8ZTVZTBW5NZ87XRVMX',NULL,NULL),
('01J4TD0HF73QJG73VP1EKM5Y3T','PLTA ABC','FALSE',-1,1,'FALSE',10,'kilometer','2024-08-09 08:45:50.312122','01J06DSG8ZTVZTBW5NZ87XRVMX',NULL,'','2024-08-09 09:13:07.563524','01J06DSG8ZTVZTBW5NZ87XRVMX'),
('01J4TFTNW53CQDMTCSA1AWHCHP','PLTA 123','FALSE',-1,1,'FALSE',10,'kilometer','2024-08-09 09:35:03.941693','01J06DSG8ZTVZTBW5NZ87XRVMX','2024-08-09 09:40:14.716629','01J06DSG8ZTVZTBW5NZ87XRVMX','2024-08-09 09:43:40.639309','01J06DSG8ZTVZTBW5NZ87XRVMX'),
('01J5TJFAGYKR8JQZZ8EBH44VYP','PLTA TEST12','FALSE',-1,1,'TRUE',2,'kilometer','2024-08-21 20:36:59.423296','01J4MG5CYNS16CZAXYSXJVZX6T','2024-08-21 20:41:25.807078','01J4MG5CYNS16CZAXYSXJVZX6T','2024-08-21 20:42:19.769974','01J4MG5CYNS16CZAXYSXJVZX6T'),
('01J4MDJFYXGM9659B8A9TESG0H','PLTA SENGGURUH','TRUE',-8.185076959623556,112.54922423888785,'TRUE',5,'kilometer','2024-08-07 01:05:02.140716','01J06DSG8ZTVZTBW5NZ87XRVMX','2024-08-18 12:16:59.657998','01J06DSG8ZTVZTBW5NZ87XRVMX',NULL,NULL),
('01J5TYXY6J3NM9NJWW86Y7V97D','testing plta','FALSE',1,1,'TRUE',10000000,'kilometer','2024-08-22 00:14:41.234871','01J06DSG8ZTVZTBW5NZ87XRVMX','2024-08-22 00:31:26.652032','01J06DSG8ZTVZTBW5NZ87XRVMX','2024-08-22 13:43:32.559331','01J5W7NB4X9SVY0P577GGAHZ9N'),
('01J4MDJFYXGM9659B8B1NCPCHX','PLTA CIRATA','TRUE',-6.680338,107.34557,'TRUE',150,'kilometer','2024-08-07 01:05:02.140716','01J06DSG8ZTVZTBW5NZ87XRVMX','2024-08-23 16:35:38.523067','01J1WQEDH0SZYZWAC1Z9QDTXCK',NULL,NULL),
('01J4MDJFYXGM9659B8A9X31TFV','PLTA SUTAMI','TRUE',-8.161072949682794,112.44417598121473,'TRUE',5,'kilometer','2024-08-07 01:05:02.140716','01J06DSG8ZTVZTBW5NZ87XRVMX','2024-08-18 12:17:43.090722','01J06DSG8ZTVZTBW5NZ87XRVMX',NULL,NULL),
('01J5SRRBX9PVWPKCTTB2B20166','UP CIRATA KANTOR','TRUE',-6.673466838909879,107.35025352174146,'TRUE',500,'kilometer','2024-08-21 13:07:32.777792','01J1WQEDH0SZYZWAC1Z9QDTXCK','2024-08-23 15:59:07.324653','01J06DSG8ZTVZTBW5NZ87XRVMX',NULL,'');

INSERT INTO "public"."plta_units" ("id","plta_id","status","created_at","updated_at","deleted_at","name","created_by","updated_by","deleted_by") VALUES 
('01J4ME71CWZVMTJMQ1SVERVGY7','01J4MDJFYXGM9659B8AFBVKQSY','TRUE','2024-08-07 01:05:02.140716',NULL,NULL,'1','01J06DSG8ZTVZTBW5NZ87XRVMX',NULL,NULL),
('01J4ME71CWZVMTJMQ1SYR7QF7F','01J4MDJFYXGM9659B8AHN31CCC','TRUE','2024-08-07 01:05:02.140716',NULL,NULL,'1','01J06DSG8ZTVZTBW5NZ87XRVMX',NULL,NULL),
('01J4ME71CWZVMTJMQ1T0002BW5','01J4MDJFYXGM9659B8AHN31CCC','TRUE','2024-08-07 01:05:02.140716',NULL,NULL,'2','01J06DSG8ZTVZTBW5NZ87XRVMX',NULL,NULL),
('01J4ME71CWZVMTJMQ1T0Q334V0','01J4MDJFYXGM9659B8AJNKF4HC','TRUE','2024-08-07 01:05:02.140716',NULL,NULL,'1','01J06DSG8ZTVZTBW5NZ87XRVMX',NULL,NULL),
('01J4ME71CWZVMTJMQ1T3GYC5E3','01J4MDJFYXGM9659B8AK41FYVX','TRUE','2024-08-07 01:05:02.140716',NULL,NULL,'1','01J06DSG8ZTVZTBW5NZ87XRVMX',NULL,NULL),
('01J4ME71CWZVMTJMQ1T52QHRDW','01J4MDJFYXGM9659B8AMXF0WZE','TRUE','2024-08-07 01:05:02.140716',NULL,NULL,'1','01J06DSG8ZTVZTBW5NZ87XRVMX',NULL,NULL),
('01J4ME71CWZVMTJMQ1T6EH1PB6','01J4MDJFYXGM9659B8AMXF0WZE','TRUE','2024-08-07 01:05:02.140716',NULL,NULL,'2','01J06DSG8ZTVZTBW5NZ87XRVMX',NULL,NULL),
('01J4ME71CWZVMTJMQ1T7821ZFS','01J4MDJFYXGM9659B8AMXF0WZE','TRUE','2024-08-07 01:05:02.140716',NULL,NULL,'3','01J06DSG8ZTVZTBW5NZ87XRVMX',NULL,NULL),
('01J4ME71CWZVMTJMQ1T89JAHZE','01J4MDJFYXGM9659B8AMXF0WZE','TRUE','2024-08-07 01:05:02.140716',NULL,NULL,'4','01J06DSG8ZTVZTBW5NZ87XRVMX',NULL,NULL),
('01J4ME71CWZVMTJMQ1TAJZPQQ2','01J4MDJFYXGM9659B8APXDJ5KS','TRUE','2024-08-07 01:05:02.140716',NULL,NULL,'1','01J06DSG8ZTVZTBW5NZ87XRVMX',NULL,NULL),
('01J4ME71CWZVMTJMQ1TDQKPHRN','01J4MDJFYXGM9659B8APXDJ5KS','TRUE','2024-08-07 01:05:02.140716',NULL,NULL,'2','01J06DSG8ZTVZTBW5NZ87XRVMX',NULL,NULL),
('01J4ME71CWZVMTJMQ1TEYG7FE0','01J4MDJFYXGM9659B8APXDJ5KS','TRUE','2024-08-07 01:05:02.140716',NULL,NULL,'3','01J06DSG8ZTVZTBW5NZ87XRVMX',NULL,NULL),
('01J4ME71CWZVMTJMQ1TJM4H671','01J4MDJFYXGM9659B8ASY0A506','TRUE','2024-08-07 01:05:02.140716',NULL,NULL,'1','01J06DSG8ZTVZTBW5NZ87XRVMX',NULL,NULL),
('01J4ME71CWZVMTJMQ1TNB5KX8N','01J4MDJFYXGM9659B8ASY0A506','TRUE','2024-08-07 01:05:02.140716',NULL,NULL,'2','01J06DSG8ZTVZTBW5NZ87XRVMX',NULL,NULL),
('01J4ME71CWZVMTJMQ1TRTC97G4','01J4MDJFYXGM9659B8ASY0A506','TRUE','2024-08-07 01:05:02.140716',NULL,NULL,'3','01J06DSG8ZTVZTBW5NZ87XRVMX',NULL,NULL),
('01J4ME71CWZVMTJMQ1TT4M2VRP','01J4MDJFYXGM9659B8AXW8Y9ZP','TRUE','2024-08-07 01:05:02.140716',NULL,NULL,'1','01J06DSG8ZTVZTBW5NZ87XRVMX',NULL,NULL),
('01J4ME71CX4VYJ0SEW9VTGJ65M','01J4MDJFYXGM9659B8AXW8Y9ZP','TRUE','2024-08-07 01:05:02.140716',NULL,NULL,'2','01J06DSG8ZTVZTBW5NZ87XRVMX',NULL,NULL),
('01J4ME71CX4VYJ0SEW9XQVNT8Q','01J4MDJFYXGM9659B8AXW8Y9ZP','TRUE','2024-08-07 01:05:02.140716',NULL,NULL,'3','01J06DSG8ZTVZTBW5NZ87XRVMX',NULL,NULL),
('01J4ME71CX4VYJ0SEW9ZKEFGGB','01J4MDJFYXGM9659B8B13SYQH5','TRUE','2024-08-07 01:05:02.140716',NULL,NULL,'1','01J06DSG8ZTVZTBW5NZ87XRVMX',NULL,NULL),
('01J4T4VAQCBSR0C2CVR31F4TRF','01J4T4VAQCBSR0C2CVR0C50P77','FALSE','2024-08-09 06:23:10.958021',NULL,'2024-08-09 07:31:07.868524','1','01J06DSG8ZTVZTBW5NZ87XRVMX','','01J06DSG8ZTVZTBW5NZ87XRVMX'),
('01J4ME71CWZVMTJMQ1SG6YZ6Q9','01J4MDJFYXGM9659B8A9X31TFV','TRUE','2024-08-07 01:05:02.140716','2024-08-18 12:17:45.309623',NULL,'1','01J06DSG8ZTVZTBW5NZ87XRVMX','01J06DSG8ZTVZTBW5NZ87XRVMX',NULL),
('01J4ME71CWZVMTJMQ1SB2C5G7V','01J4MDJFYXGM9659B8A9TESG0H','FALSE','2024-08-07 01:05:02.140716','2024-08-18 12:17:01.959582',NULL,'1','01J06DSG8ZTVZTBW5NZ87XRVMX','01J06DSG8ZTVZTBW5NZ87XRVMX',NULL),
('01J4SAFXNHHJCCWPWC8HDNYKMW','01J4SAFXNHHJCCWPWC8DT5V3DF','FALSE','2024-08-08 22:42:34.162186',NULL,'2024-08-09 07:53:34.650084','1','01J06DSG8ZTVZTBW5NZ87XRVMX','','01J06DSG8ZTVZTBW5NZ87XRVMX'),
('01J4SAFXNHHJCCWPWC8JEKKJSA','01J4SAFXNHHJCCWPWC8DT5V3DF','FALSE','2024-08-08 22:42:34.162186',NULL,'2024-08-09 07:53:34.650084','2','01J06DSG8ZTVZTBW5NZ87XRVMX','','01J06DSG8ZTVZTBW5NZ87XRVMX'),
('01J4T91SZRP5BMRENM1BWNQ7T5','01J4T91SZRP5BMRENM19V03TVS','FALSE','2024-08-09 07:36:37.497583','2024-08-09 07:37:31.873508','2024-08-09 07:37:52.62601','1e','01J06DSG8ZTVZTBW5NZ87XRVMX','01J06DSG8ZTVZTBW5NZ87XRVMX','01J06DSG8ZTVZTBW5NZ87XRVMX'),
('01J4T8ZSWXQRVXKWE7S7PZ861P','01J4T8ZSWXQRVXKWE7S3V9SJZ8','FALSE','2024-08-09 07:35:31.8705',NULL,'2024-08-09 07:51:11.580035','1','01J06DSG8ZTVZTBW5NZ87XRVMX','','01J06DSG8ZTVZTBW5NZ87XRVMX'),
('01J4T91XAHDE4VGC5BH3DJPY1P','01J4T8ZSWXQRVXKWE7S3V9SJZ8','FALSE','2024-08-09 07:36:40.913781',NULL,'2024-08-09 07:51:11.580035','Unit 1','01J06DSG8ZTVZTBW5NZ87XRVMX','','01J06DSG8ZTVZTBW5NZ87XRVMX'),
('01J4T8TB1RYKKTNA3DD63MP04Q','01J4T8TB1RYKKTNA3DD4J6YGMD','FALSE','2024-08-09 07:32:32.8257',NULL,'2024-08-09 07:52:20.16441','1','01J06DSG8ZTVZTBW5NZ87XRVMX','','01J06DSG8ZTVZTBW5NZ87XRVMX'),
('01J4SAKBV5DGBW50B8FF28AP03','01J4SAKBV5DGBW50B8FDSVVV1Z','FALSE','2024-08-08 22:44:26.982222',NULL,'2024-08-09 07:52:54.102817','1','01J06DSG8ZTVZTBW5NZ87XRVMX','','01J06DSG8ZTVZTBW5NZ87XRVMX'),
('01J4SAKBV5DGBW50B8FGGM5N8R','01J4SAKBV5DGBW50B8FDSVVV1Z','FALSE','2024-08-08 22:44:26.982222',NULL,'2024-08-09 07:52:54.102817','2','01J06DSG8ZTVZTBW5NZ87XRVMX','','01J06DSG8ZTVZTBW5NZ87XRVMX'),
('01J4TBH7ZJG0HZVF09Y6MN82Y7','01J4TBG9B31H10GND8KTBS86YN','FALSE','2024-08-09 08:20:00.498504',NULL,'2024-08-09 08:21:34.934617','NAMA1','01J06DSG8ZTVZTBW5NZ87XRVMX','','01J06DSG8ZTVZTBW5NZ87XRVMX'),
('01J4TBG9B31H10GND8KVXNBFEY','01J4TBG9B31H10GND8KTBS86YN','FALSE','2024-08-09 08:19:29.124533',NULL,'2024-08-09 08:21:34.934617','1','01J06DSG8ZTVZTBW5NZ87XRVMX','','01J06DSG8ZTVZTBW5NZ87XRVMX'),
('01J4SA9TD4W1DJG1VKEEGD9GP8','01J4SA9TD4W1DJG1VKEDQ3Z3Y6','FALSE','2024-08-08 22:39:14.214374','2024-08-09 07:55:13.904087','2024-08-09 07:55:32.449851','1','01J06DSG8ZTVZTBW5NZ87XRVMX','01J06DSG8ZTVZTBW5NZ87XRVMX','01J06DSG8ZTVZTBW5NZ87XRVMX'),
('01J4TBH4V8VH7D7RHWGN5GGR0S','01J4TBH4V8VH7D7RHWGJ2Z8PYM','FALSE','2024-08-09 08:19:57.289049',NULL,'2024-08-09 08:22:10.300947','1','01J06DSG8ZTVZTBW5NZ87XRVMX','','01J06DSG8ZTVZTBW5NZ87XRVMX'),
('01J4TBRT857HG6A8703RW1B8XM','01J4TBRT857HG6A8703QDW419P','FALSE','2024-08-09 08:24:08.582181',NULL,'2024-08-09 08:25:03.853808','1','01J06DSG8ZTVZTBW5NZ87XRVMX','','01J06DSG8ZTVZTBW5NZ87XRVMX'),
('01J4SA9TD4W1DJG1VKEHJTPCK7','01J4SA9TD4W1DJG1VKEDQ3Z3Y6','FALSE','2024-08-08 22:39:14.214374','2024-08-09 07:55:13.903069','2024-08-09 07:55:32.449851','2','01J06DSG8ZTVZTBW5NZ87XRVMX','01J06DSG8ZTVZTBW5NZ87XRVMX','01J06DSG8ZTVZTBW5NZ87XRVMX'),
('01J4TD0HF73QJG73VP1ESGGE4B','01J4TD0HF73QJG73VP1EKM5Y3T','FALSE','2024-08-09 08:45:50.312813',NULL,'2024-08-09 09:13:07.562405','1','01J06DSG8ZTVZTBW5NZ87XRVMX','','01J06DSG8ZTVZTBW5NZ87XRVMX'),
('01J4TBVJEA7DWG7ENWYW52VQVS','01J4TBVJEA7DWG7ENWYRBMDCK1','FALSE','2024-08-09 08:25:38.891293',NULL,'2024-08-09 09:16:17.651901','1','01J06DSG8ZTVZTBW5NZ87XRVMX','','01J06DSG8ZTVZTBW5NZ87XRVMX'),
('01J4TBVNNRS72C0GHAC55QCPNE','01J4TBVJEA7DWG7ENWYRBMDCK1','FALSE','2024-08-09 08:25:42.20088',NULL,'2024-08-09 09:16:17.651901','NAMA1','01J06DSG8ZTVZTBW5NZ87XRVMX','','01J06DSG8ZTVZTBW5NZ87XRVMX'),
('01J4ME71CWZVMTJMQ1SKAGZX72','01J4MDJFYXGM9659B8A9X31TFV','TRUE','2024-08-07 01:05:02.140716','2024-08-18 12:17:45.310342',NULL,'2','01J06DSG8ZTVZTBW5NZ87XRVMX','01J06DSG8ZTVZTBW5NZ87XRVMX',NULL),
('01J4ME71CWZVMTJMQ1STNG6SXW','01J4MDJFYXGM9659B8ABEYXTJT','TRUE','2024-08-07 01:05:02.140716','2024-08-23 16:27:46.286984',NULL,'2','01J06DSG8ZTVZTBW5NZ87XRVMX','01J06DSG8ZTVZTBW5NZ87XRVMX',NULL),
('01J4ME71CWZVMTJMQ1SPZMFWR5','01J4MDJFYXGM9659B8ABEYXTJT','TRUE','2024-08-07 01:05:02.140716','2024-08-23 16:27:46.287939',NULL,'1','01J06DSG8ZTVZTBW5NZ87XRVMX','01J06DSG8ZTVZTBW5NZ87XRVMX',NULL),
('01J4ME71CX4VYJ0SEWA1FDVDJ3','01J4MDJFYXGM9659B8B1NCPCHX','TRUE','2024-08-07 01:05:02.140716','2024-08-23 16:35:40.710205',NULL,'1','01J06DSG8ZTVZTBW5NZ87XRVMX','01J1WQEDH0SZYZWAC1Z9QDTXCK',NULL),
('01J4ME71CX4VYJ0SEWA35N78XY','01J4MDJFYXGM9659B8B1NCPCHX','TRUE','2024-08-07 01:05:02.140716','2024-08-23 16:35:40.710982',NULL,'2','01J06DSG8ZTVZTBW5NZ87XRVMX','01J1WQEDH0SZYZWAC1Z9QDTXCK',NULL),
('01J4ME71CX4VYJ0SEWA3W3DW0Q','01J4MDJFYXGM9659B8B1NCPCHX','TRUE','2024-08-07 01:05:02.140716','2024-08-23 16:35:40.711632',NULL,'3','01J06DSG8ZTVZTBW5NZ87XRVMX','01J1WQEDH0SZYZWAC1Z9QDTXCK',NULL),
('01J4TD0MTG671ZABHHW2RJCQHG','01J4TD0HF73QJG73VP1EKM5Y3T','FALSE','2024-08-09 08:45:53.744979',NULL,'2024-08-09 09:13:07.562405','NamaUnit1','01J06DSG8ZTVZTBW5NZ87XRVMX','','01J06DSG8ZTVZTBW5NZ87XRVMX'),
('01J4ME71CWZVMTJMQ1SC848N4E','01J4MDJFYXGM9659B8A9TESG0H','TRUE','2024-08-07 01:05:02.140716','2024-08-18 12:17:01.960604',NULL,'2','01J06DSG8ZTVZTBW5NZ87XRVMX','01J06DSG8ZTVZTBW5NZ87XRVMX',NULL),
('01J4ME71CWZVMTJMQ1SNM0S1YB','01J4MDJFYXGM9659B8A9X31TFV','TRUE','2024-08-07 01:05:02.140716','2024-08-18 12:17:45.310892',NULL,'3','01J06DSG8ZTVZTBW5NZ87XRVMX','01J06DSG8ZTVZTBW5NZ87XRVMX',NULL),
('01J4TG8MBF84GK3N73CGJW3S3S','01J4TG8MBF84GK3N73CDPVJP9Q','FALSE','2024-08-09 09:42:41.136363',NULL,'2024-08-09 09:43:05.686566','1','01J06DSG8ZTVZTBW5NZ87XRVMX','','01J06DSG8ZTVZTBW5NZ87XRVMX'),
('01J4TG5ZT8DSN3R74GDFX2CA9X','01J4TG5ZT8DSN3R74GDDHKTDND','FALSE','2024-08-09 09:41:14.569252',NULL,'2024-08-09 09:43:15.170073','1','01J06DSG8ZTVZTBW5NZ87XRVMX','','01J06DSG8ZTVZTBW5NZ87XRVMX'),
('01J4TG5ZT8DSN3R74GDH2PQJJ6','01J4TG5ZT8DSN3R74GDDHKTDND','FALSE','2024-08-09 09:41:14.569252',NULL,'2024-08-09 09:43:15.170073','2','01J06DSG8ZTVZTBW5NZ87XRVMX','','01J06DSG8ZTVZTBW5NZ87XRVMX'),
('01J4TG5ZT8DSN3R74GDM7AE6RB','01J4TG5ZT8DSN3R74GDDHKTDND','FALSE','2024-08-09 09:41:14.569252',NULL,'2024-08-09 09:43:15.170073','3','01J06DSG8ZTVZTBW5NZ87XRVMX','','01J06DSG8ZTVZTBW5NZ87XRVMX'),
('01J4TG5ZT8DSN3R74GDNPCR8WV','01J4TG5ZT8DSN3R74GDDHKTDND','FALSE','2024-08-09 09:41:14.569252',NULL,'2024-08-09 09:43:15.170073','4','01J06DSG8ZTVZTBW5NZ87XRVMX','','01J06DSG8ZTVZTBW5NZ87XRVMX'),
('01J4TG5ZT8DSN3R74GDSHZFTA1','01J4TG5ZT8DSN3R74GDDHKTDND','FALSE','2024-08-09 09:41:14.569252',NULL,'2024-08-09 09:43:15.170073','5','01J06DSG8ZTVZTBW5NZ87XRVMX','','01J06DSG8ZTVZTBW5NZ87XRVMX'),
('01J4TG5ZT8DSN3R74GDWB7WFFC','01J4TG5ZT8DSN3R74GDDHKTDND','FALSE','2024-08-09 09:41:14.569252',NULL,'2024-08-09 09:43:15.170073','6','01J06DSG8ZTVZTBW5NZ87XRVMX','','01J06DSG8ZTVZTBW5NZ87XRVMX'),
('01J4TG5ZT8DSN3R74GDZQNSYVW','01J4TG5ZT8DSN3R74GDDHKTDND','FALSE','2024-08-09 09:41:14.569252',NULL,'2024-08-09 09:43:15.170073','7','01J06DSG8ZTVZTBW5NZ87XRVMX','','01J06DSG8ZTVZTBW5NZ87XRVMX'),
('01J4TG5ZT8DSN3R74GE1KZC0NS','01J4TG5ZT8DSN3R74GDDHKTDND','FALSE','2024-08-09 09:41:14.569252',NULL,'2024-08-09 09:43:15.170073','8','01J06DSG8ZTVZTBW5NZ87XRVMX','','01J06DSG8ZTVZTBW5NZ87XRVMX'),
('01J4TG5ZT8DSN3R74GE36BQFRB','01J4TG5ZT8DSN3R74GDDHKTDND','FALSE','2024-08-09 09:41:14.569252',NULL,'2024-08-09 09:43:15.170073','9','01J06DSG8ZTVZTBW5NZ87XRVMX','','01J06DSG8ZTVZTBW5NZ87XRVMX'),
('01J4TG5ZT8DSN3R74GE55E63B0','01J4TG5ZT8DSN3R74GDDHKTDND','FALSE','2024-08-09 09:41:14.569252',NULL,'2024-08-09 09:43:15.170073','10','01J06DSG8ZTVZTBW5NZ87XRVMX','','01J06DSG8ZTVZTBW5NZ87XRVMX'),
('01J4TFTNW53CQDMTCSA2DRAXJA','01J4TFTNW53CQDMTCSA1AWHCHP','FALSE','2024-08-09 09:35:03.942799',NULL,'2024-08-09 09:43:40.638984','1','01J06DSG8ZTVZTBW5NZ87XRVMX','','01J06DSG8ZTVZTBW5NZ87XRVMX'),
('01J4TG0KB11S1JBBNWAX916EX8','01J4TFTNW53CQDMTCSA1AWHCHP','FALSE','2024-08-09 09:38:17.953803','2024-08-09 09:39:36.250993','2024-08-09 09:43:40.638984','NAMA 1','01J06DSG8ZTVZTBW5NZ87XRVMX','01J06DSG8ZTVZTBW5NZ87XRVMX','01J06DSG8ZTVZTBW5NZ87XRVMX'),
('01J4TG48J5VHRXANF2DV503PS2','01J4TFTNW53CQDMTCSA1AWHCHP','FALSE','2024-08-09 09:40:17.989566',NULL,'2024-08-09 09:43:40.638984','123','01J06DSG8ZTVZTBW5NZ87XRVMX','','01J06DSG8ZTVZTBW5NZ87XRVMX'),
('01J4TEXF2ZWY2ME6ANY709C2CP','01J4TEXBTQ50W5850X4KWEC9JW','FALSE','2024-08-09 09:19:06.719044',NULL,'2024-08-09 09:43:51.112185','B1','01J06DSG8ZTVZTBW5NZ87XRVMX','','01J06DSG8ZTVZTBW5NZ87XRVMX'),
('01J4TEXBTQ50W5850X4PJ2QV3B','01J4TEXBTQ50W5850X4KWEC9JW','FALSE','2024-08-09 09:19:03.384283',NULL,'2024-08-09 09:43:51.112185','1','01J06DSG8ZTVZTBW5NZ87XRVMX','','01J06DSG8ZTVZTBW5NZ87XRVMX'),
('01J5TJFAGYKR8JQZZ8EEFX07VB','01J5TJFAGYKR8JQZZ8EBH44VYP','FALSE','2024-08-21 20:36:59.425846','2024-08-21 20:41:28.20809','2024-08-21 20:42:19.769077','1','01J4MG5CYNS16CZAXYSXJVZX6T','01J4MG5CYNS16CZAXYSXJVZX6T','01J4MG5CYNS16CZAXYSXJVZX6T'),
('01J5TJFAGYKR8JQZZ8EHMR6TFD','01J5TJFAGYKR8JQZZ8EBH44VYP','FALSE','2024-08-21 20:36:59.425846','2024-08-21 20:41:28.209062','2024-08-21 20:42:19.769077','2','01J4MG5CYNS16CZAXYSXJVZX6T','01J4MG5CYNS16CZAXYSXJVZX6T','01J4MG5CYNS16CZAXYSXJVZX6T'),
('01J5SRRBX9PVWPKCTTB3A7XGXW','01J5SRRBX9PVWPKCTTB2B20166','TRUE','2024-08-21 13:07:32.779597','2024-08-23 15:59:07.577687',NULL,'1','01J1WQEDH0SZYZWAC1Z9QDTXCK','01J06DSG8ZTVZTBW5NZ87XRVMX',''),
('01J5TYXY6J3NM9NJWW8905JW0A','01J5TYXY6J3NM9NJWW86Y7V97D','FALSE','2024-08-22 00:14:41.236099','2024-08-22 00:31:28.792111','2024-08-22 13:43:32.558575','1','01J06DSG8ZTVZTBW5NZ87XRVMX','01J06DSG8ZTVZTBW5NZ87XRVMX','01J5W7NB4X9SVY0P577GGAHZ9N'),
('01J5TYXY6J3NM9NJWW8CNVRAJD','01J5TYXY6J3NM9NJWW86Y7V97D','FALSE','2024-08-22 00:14:41.236099','2024-08-22 00:31:28.793147','2024-08-22 13:43:32.558575','2','01J06DSG8ZTVZTBW5NZ87XRVMX','01J06DSG8ZTVZTBW5NZ87XRVMX','01J5W7NB4X9SVY0P577GGAHZ9N'),
('01J4ME71CX4VYJ0SEWA6993XH5','01J4MDJFYXGM9659B8B1NCPCHX','TRUE','2024-08-07 01:05:02.140716','2024-08-23 16:35:40.712255',NULL,'4','01J06DSG8ZTVZTBW5NZ87XRVMX','01J1WQEDH0SZYZWAC1Z9QDTXCK',NULL),
('01J4ME71CX4VYJ0SEWA83HQZY5','01J4MDJFYXGM9659B8B1NCPCHX','TRUE','2024-08-07 01:05:02.140716','2024-08-23 16:35:40.712814',NULL,'5','01J06DSG8ZTVZTBW5NZ87XRVMX','01J1WQEDH0SZYZWAC1Z9QDTXCK',NULL),
('01J5TYXY6J3NM9NJWW8FBFCS71','01J5TYXY6J3NM9NJWW86Y7V97D','FALSE','2024-08-22 00:14:41.236099','2024-08-22 00:31:28.793767','2024-08-22 13:43:32.558575','3','01J06DSG8ZTVZTBW5NZ87XRVMX','01J06DSG8ZTVZTBW5NZ87XRVMX','01J5W7NB4X9SVY0P577GGAHZ9N'),
('01J4ME71CX4VYJ0SEWABDNRK2Z','01J4MDJFYXGM9659B8B1NCPCHX','TRUE','2024-08-07 01:05:02.140716','2024-08-23 16:35:40.713371',NULL,'6','01J06DSG8ZTVZTBW5NZ87XRVMX','01J1WQEDH0SZYZWAC1Z9QDTXCK',NULL),
('01J4ME71CX4VYJ0SEWAE47TZ2D','01J4MDJFYXGM9659B8B1NCPCHX','TRUE','2024-08-07 01:05:02.140716','2024-08-23 16:35:40.713922',NULL,'7','01J06DSG8ZTVZTBW5NZ87XRVMX','01J1WQEDH0SZYZWAC1Z9QDTXCK',NULL),
('01J4ME71CX4VYJ0SEWAHB0DVGN','01J4MDJFYXGM9659B8B1NCPCHX','TRUE','2024-08-07 01:05:02.140716','2024-08-23 16:35:40.714574',NULL,'8','01J06DSG8ZTVZTBW5NZ87XRVMX','01J1WQEDH0SZYZWAC1Z9QDTXCK',NULL);

INSERT INTO "public"."turbines" ("id","plta_unit_id","title","gen_bearing_to_coupling","coupling_to_turbine","data","total_bolts","current_torque","max_torque","created_at","created_by","deleted_at","deleted_by") VALUES 
('01J527HC3XH6HBHQC0X0MQ88Z6','01J4ME71CWZVMTJMQ1SB2C5G7V','ABC',1000,2000,'{"Clutch":{"A":{"1":1,"2":1,"3":1,"4":1},"B":{"1":1,"2":1,"3":1,"4":1},"C":{"1":1,"2":1,"3":1,"4":1},"D":{"1":1,"2":1,"3":1,"4":1}},"Turbine":{"A":{"1":1,"2":1,"3":1,"4":1},"B":{"1":1,"2":1,"3":1,"4":1},"C":{"1":1,"2":1,"3":1,"4":1},"D":{"1":1,"2":1,"3":1,"4":1}},"Upper":{"A":{"1":1,"2":1,"3":1,"4":1},"B":{"1":1,"2":1,"3":1,"4":1},"C":{"1":1,"2":1,"3":1,"4":1},"D":{"1":1,"2":1,"3":1,"4":1}}}',6,100,200,'2024-08-12 09:44:05.886082','01J06DSG8ZTVZTBW5NZ87XRVMX','2024-08-12 09:45:04.135619','01J06DSG8ZTVZTBW5NZ87XRVMX'),
('01J4RQ0RRERF5SQS4TMKTS0PF8','01J4ME71CWZVMTJMQ1SNM0S1YB','MO Sutami #3 2024 Before',1615,3312,'{"Clutch":{"A":{"1":47,"2":47.5,"3":47.5,"4":47},"B":{"1":60,"2":60,"3":61,"4":60},"C":{"1":50,"2":50,"3":50,"4":50},"D":{"1":40.5,"2":40,"3":39.5,"4":40}},"Turbine":{"A":{"1":42,"2":42,"3":42,"4":42},"B":{"1":82,"2":81,"3":81,"4":81},"C":{"1":55,"2":55,"3":55,"4":55},"D":{"1":26,"2":26,"3":26,"4":26}},"Upper":{"A":{"1":50,"2":50,"3":49,"4":49},"B":{"1":49,"2":49,"3":49,"4":49},"C":{"1":49,"2":49,"3":49,"4":49},"D":{"1":50,"2":49,"3":49,"4":50}}}',14,380,420,'2024-08-08 17:02:14.670569','01J3DGX60AN4W4Y96F2Y4CX9D7',NULL,''),
('01J4RR7RSQC9A9QDQ066WCSPJV','01J4ME71CWZVMTJMQ1SNM0S1YB','MO Sutami #3 2024 Before 1',1615,3625,'{"Clutch":{"A":{"1":47,"2":47,"3":47,"4":47},"B":{"1":60,"2":60,"3":60,"4":60},"C":{"1":50,"2":50,"3":50,"4":50},"D":{"1":39,"2":40,"3":40,"4":40}},"Turbine":{"A":{"1":42,"2":41,"3":42,"4":42},"B":{"1":82,"2":82,"3":82,"4":82},"C":{"1":56,"2":56,"3":56,"4":56},"D":{"1":26,"2":26,"3":26,"4":26}},"Upper":{"A":{"1":49,"2":49,"3":49,"4":49},"B":{"1":49,"2":49,"3":49,"4":49},"C":{"1":49,"2":49,"3":49,"4":49},"D":{"1":49,"2":49,"3":49,"4":49}}}',14,380,420,'2024-08-08 17:23:32.663466','01J3DGX60AN4W4Y96F2Y4CX9D7',NULL,''),
('01J526ZZJJTYNMJ3F5JMW75DX8','01J4ME71CWZVMTJMQ1SB2C5G7V','ABC',2000,2000,'{"Clutch":{"A":{"1":1,"2":1,"3":1,"4":1},"B":{"1":1,"2":1,"3":1,"4":1},"C":{"1":1,"2":1,"3":1,"4":1},"D":{"1":1,"2":1,"3":1,"4":1}},"Turbine":{"A":{"1":1,"2":1,"3":1,"4":1},"B":{"1":1,"2":1,"3":1,"4":1},"C":{"1":1,"2":1,"3":1,"4":1},"D":{"1":1,"2":1,"3":1,"4":1}},"Upper":{"A":{"1":1,"2":1,"3":1,"4":1},"B":{"1":1,"2":1,"3":1,"4":1},"C":{"1":1,"2":1,"3":1,"4":1},"D":{"1":1,"2":1,"3":1,"4":1}}}',6,100,200,'2024-08-12 09:34:35.986649','01J06DSG8ZTVZTBW5NZ87XRVMX','2024-08-12 09:44:45.54821','01J06DSG8ZTVZTBW5NZ87XRVMX'),
('01J5278PDXYMGN9CGCQN722759','01J4ME71CWZVMTJMQ1SB2C5G7V','ABC',2000,2000,'{"Clutch":{"A":{"1":1,"2":1,"3":1,"4":1},"B":{"1":1,"2":1,"3":1,"4":1},"C":{"1":1,"2":1,"3":1,"4":1},"D":{"1":1,"2":1,"3":1,"4":1}},"Turbine":{"A":{"1":1,"2":1,"3":1,"4":1},"B":{"1":1,"2":1,"3":1,"4":1},"C":{"1":1,"2":1,"3":1,"4":1},"D":{"1":1,"2":1,"3":1,"4":1}},"Upper":{"A":{"1":1,"2":1,"3":1,"4":1},"B":{"1":1,"2":1,"3":1,"4":1},"C":{"1":1,"2":1,"3":1,"4":1},"D":{"1":1,"2":1,"3":1,"4":1}}}',6,100,200,'2024-08-12 09:39:21.53372','01J06DSG8ZTVZTBW5NZ87XRVMX','2024-08-12 09:44:55.242568','01J06DSG8ZTVZTBW5NZ87XRVMX'),
('01J527SNADWXD4D05JJ7M6QN9G','01J4ME71CWZVMTJMQ1SB2C5G7V','ABC',1000,2000,'{"Clutch":{"A":{"1":1,"2":1,"3":1,"4":1},"B":{"1":1,"2":1,"3":1,"4":1},"C":{"1":1,"2":1,"3":1,"4":1},"D":{"1":1,"2":1,"3":1,"4":1}},"Turbine":{"A":{"1":1,"2":1,"3":1,"4":1},"B":{"1":1,"2":1,"3":1,"4":1},"C":{"1":1,"2":1,"3":1,"4":1},"D":{"1":1,"2":1,"3":1,"4":1}},"Upper":{"A":{"1":1,"2":1,"3":1,"4":1},"B":{"1":1,"2":1,"3":1,"4":1},"C":{"1":1,"2":1,"3":1,"4":1},"D":{"1":1,"2":1,"3":1,"4":1}}}',6,100,200,'2024-08-12 09:48:37.45332','01J06DSG8ZTVZTBW5NZ87XRVMX','2024-08-12 09:50:15.445017','01J06DSG8ZTVZTBW5NZ87XRVMX'),
('01J527Y9SR40V3FSDFE1YBZW63','01J4ME71CWZVMTJMQ1SB2C5G7V','ABC',1000,2000,'{"Clutch":{"A":{"1":1,"2":1,"3":1,"4":1},"B":{"1":1,"2":1,"3":1,"4":1},"C":{"1":1,"2":1,"3":1,"4":1},"D":{"1":1,"2":1,"3":1,"4":1}},"Turbine":{"A":{"1":1,"2":1,"3":1,"4":1},"B":{"1":1,"2":1,"3":1,"4":1},"C":{"1":1,"2":1,"3":1,"4":1},"D":{"1":1,"2":1,"3":1,"4":1}},"Upper":{"A":{"1":1,"2":1,"3":1,"4":1},"B":{"1":1,"2":1,"3":1,"4":1},"C":{"1":1,"2":1,"3":1,"4":1},"D":{"1":1,"2":1,"3":1,"4":1}}}',6,100,200,'2024-08-12 09:51:09.497038','01J06DSG8ZTVZTBW5NZ87XRVMX','2024-08-13 06:13:50.12355','01J1WQEDH0SZYZWAC1Z9QDTXCK'),
('01J5T4TH2XZ3ZM3ESPNVJH1P7H','01J4ME71CX4VYJ0SEWA35N78XY','MO 2020',2650,3160,'{"Clutch":{"A":{"1":50,"2":50,"3":50,"4":50},"B":{"1":49.5,"2":49.5,"3":49.5,"4":49.5},"C":{"1":52.5,"2":52.5,"3":52.5,"4":52.5},"D":{"1":51,"2":51,"3":51,"4":51}},"Turbine":{"A":{"1":50.5,"2":50.5,"3":50,"4":50},"B":{"1":47,"2":46.5,"3":46.5,"4":46.5},"C":{"1":47.5,"2":47.5,"3":47.5,"4":47.5},"D":{"1":50.5,"2":50,"3":50,"4":50}},"Upper":{"A":{"1":50,"2":50,"3":50,"4":50},"B":{"1":50,"2":50,"3":50,"4":50},"C":{"1":50,"2":50,"3":50,"4":50},"D":{"1":50,"2":50,"3":50,"4":50}}}',18,300,350,'2024-08-21 16:38:26.525456','01J1WQEDH0SZYZWAC1Z9QDTXCK','2024-08-21 16:39:39.124229','01J1WQEDH0SZYZWAC1Z9QDTXCK'),
('01J5T4VJTV0T08FFPDWZ411W61','01J4ME71CX4VYJ0SEWA35N78XY','MO 2020',2650,3160,'{"Clutch":{"A":{"1":50,"2":50,"3":50,"4":50},"B":{"1":49.5,"2":49.5,"3":49.5,"4":49.5},"C":{"1":52.5,"2":52.5,"3":52.5,"4":52.5},"D":{"1":51,"2":51,"3":51,"4":51}},"Turbine":{"A":{"1":50.5,"2":50.5,"3":50,"4":50},"B":{"1":47,"2":46.5,"3":46.5,"4":46.5},"C":{"1":47.5,"2":47.5,"3":47.5,"4":47.5},"D":{"1":50.5,"2":50,"3":50,"4":50}},"Upper":{"A":{"1":50,"2":50,"3":50,"4":50},"B":{"1":50,"2":50,"3":50,"4":50},"C":{"1":50,"2":50,"3":50,"4":50},"D":{"1":50,"2":50,"3":50,"4":50}}}',18,300,350,'2024-08-21 16:39:01.08406','01J1WQEDH0SZYZWAC1Z9QDTXCK','2024-08-21 16:40:02.40702','01J1WQEDH0SZYZWAC1Z9QDTXCK'),
('01J5T4VTWKKRR8H1F76GJGZ1J3','01J4ME71CX4VYJ0SEWA35N78XY','MO 2020',2650,3160,'{"Clutch":{"A":{"1":50,"2":50,"3":50,"4":50},"B":{"1":49.5,"2":49.5,"3":49.5,"4":49.5},"C":{"1":52.5,"2":52.5,"3":52.5,"4":52.5},"D":{"1":51,"2":51,"3":51,"4":51}},"Turbine":{"A":{"1":50.5,"2":50.5,"3":50,"4":50},"B":{"1":47,"2":46.5,"3":46.5,"4":46.5},"C":{"1":47.5,"2":47.5,"3":47.5,"4":47.5},"D":{"1":50.5,"2":50,"3":50,"4":50}},"Upper":{"A":{"1":50,"2":50,"3":50,"4":50},"B":{"1":50,"2":50,"3":50,"4":50},"C":{"1":50,"2":50,"3":50,"4":50},"D":{"1":50,"2":50,"3":50,"4":50}}}',18,300,350,'2024-08-21 16:39:09.332474','01J1WQEDH0SZYZWAC1Z9QDTXCK','2024-08-22 10:56:26.869861','01J1WQEDH0SZYZWAC1Z9QDTXCK'),
('01J5T4SGHAYQ0QH25T6WK5MWHG','01J4ME71CX4VYJ0SEWA35N78XY','MO 2020',2650,3160,'{"Clutch":{"A":{"1":50,"2":50,"3":50,"4":50},"B":{"1":49.5,"2":49.5,"3":49.5,"4":49.5},"C":{"1":52.5,"2":52.5,"3":52.5,"4":52.5},"D":{"1":51,"2":51,"3":51,"4":51}},"Turbine":{"A":{"1":50.5,"2":50.5,"3":50,"4":50},"B":{"1":47,"2":46.5,"3":46.5,"4":46.5},"C":{"1":47.5,"2":47.5,"3":47.5,"4":47.5},"D":{"1":50.5,"2":50,"3":50,"4":50}},"Upper":{"A":{"1":50,"2":50,"3":50,"4":50},"B":{"1":50,"2":50,"3":50,"4":50},"C":{"1":50,"2":50,"3":50,"4":50},"D":{"1":50,"2":50,"3":50,"4":50}}}',18,300,350,'2024-08-21 16:37:53.194866','01J1WQEDH0SZYZWAC1Z9QDTXCK','2024-08-21 16:39:29.478232','01J1WQEDH0SZYZWAC1Z9QDTXCK'),
('01J5V0BWCDK92YET5RZDMSXA3Y','01J5TYXY6J3NM9NJWW8905JW0A','by admin',5000,4000,'{"Clutch":{"A":{"1":56,"2":56,"3":56,"4":56},"B":{"1":56,"2":56,"3":56,"4":56},"C":{"1":56,"2":56,"3":56,"4":56},"D":{"1":56,"2":56,"3":56,"4":56}},"Turbine":{"A":{"1":56,"2":56,"3":56,"4":56},"B":{"1":56,"2":56,"3":56,"4":56},"C":{"1":56,"2":56,"3":56,"4":56},"D":{"1":56,"2":56,"3":56,"4":56}},"Upper":{"A":{"1":56,"2":56,"3":56,"4":56},"B":{"1":56,"2":56,"3":56,"4":56},"C":{"1":56,"2":56,"3":56,"4":56},"D":{"1":56,"2":56,"3":56,"4":56}}}',20,400,500,'2024-08-22 00:39:46.702269','01J5V05VAY9402AZYKGS4AJTTB','2024-08-22 00:43:34.40657','01J5V05VAY9402AZYKGS4AJTTB'),
('01J5TXBQTF7DNE9DSHBHZE6G7E','01J4ME71CWZVMTJMQ1SPZMFWR5','tes data',4000,5000,'{"Clutch":{"A":{"1":56,"2":56,"3":56,"4":56},"B":{"1":56,"2":56,"3":56,"4":56},"C":{"1":56,"2":56,"3":56,"4":56},"D":{"1":56,"2":56,"3":56,"4":56}},"Turbine":{"A":{"1":56,"2":56,"3":56,"4":56},"B":{"1":56,"2":56,"3":56,"4":56},"C":{"1":56,"2":56,"3":56,"4":56},"D":{"1":56,"2":46,"3":56,"4":56}},"Upper":{"A":{"1":56,"2":56,"3":56,"4":56},"B":{"1":56,"2":56,"3":56,"4":56},"C":{"1":56,"2":56,"3":56,"4":56},"D":{"1":56,"2":56,"3":56,"4":56}}}',8,400,500,'2024-08-21 23:47:16.30432','01J5TVW4GZ7TTPERM9PKNN37V6','2024-08-22 00:03:24.325766','01J5TVW4GZ7TTPERM9PKNN37V6'),
('01J5V0BRXR8KDM1TCQ3S9BSKNG','01J5TYXY6J3NM9NJWW8905JW0A','by super admin',9000000,1078786465,'{"Clutch":{"A":{"1":58,"2":12,"3":55,"4":45},"B":{"1":65,"2":65,"3":55,"4":55},"C":{"1":58,"2":80,"3":65,"4":50},"D":{"1":75,"2":55,"3":23,"4":50}},"Turbine":{"A":{"1":58,"2":48466,"3":51,"4":451},"B":{"1":5648,"2":58,"3":554,"4":18},"C":{"1":84,"2":45466,"3":31,"4":81},"D":{"1":554,"2":70,"3":68,"4":534}},"Upper":{"A":{"1":45,"2":75,"3":55,"4":68},"B":{"1":50,"2":66,"3":55,"4":58},"C":{"1":64,"2":23,"3":55,"4":423},"D":{"1":45,"2":65,"3":55,"4":52}}}',24,450,500,'2024-08-22 00:39:43.161024','01J06DSG8ZTVZTBW5NZ87XRVMX','2024-08-22 00:43:47.860569','01J5V05VAY9402AZYKGS4AJTTB'),
('01J5TZZXEBDKPYEA11G5Q07C3G','01J5TYXY6J3NM9NJWW8FBFCS71','testing plta data',4000,5000,'{"Clutch":{"A":{"1":59,"2":59,"3":59,"4":59},"B":{"1":59,"2":59,"3":59,"4":59},"C":{"1":59,"2":59,"3":59,"4":59},"D":{"1":59,"2":59,"3":59,"4":59}},"Turbine":{"A":{"1":59,"2":59,"3":59,"4":59},"B":{"1":59,"2":59,"3":59,"4":59},"C":{"1":59,"2":59,"3":59,"4":59},"D":{"1":59,"2":59,"3":59,"4":59}},"Upper":{"A":{"1":59,"2":59,"3":59,"4":59},"B":{"1":59,"2":59,"3":59,"4":59},"C":{"1":59,"2":59,"3":59,"4":59},"D":{"1":59,"2":59,"3":59,"4":59}}}',18,400,500,'2024-08-22 00:33:14.572132','01J5TVW4GZ7TTPERM9PKNN37V6','2024-08-22 00:43:10.39811','01J5V05VAY9402AZYKGS4AJTTB'),
('01J5VREHHCR3S6YJ2NJCGQ1EVJ','01J4ME71CX4VYJ0SEWA35N78XY','MO 2020 After 1',2650,3160,'{"Clutch":{"A":{"1":50,"2":50,"3":50,"4":50},"B":{"1":49.5,"2":49.5,"3":49.5,"4":49.5},"C":{"1":52.5,"2":52.5,"3":52.5,"4":52.5},"D":{"1":51,"2":51,"3":51,"4":51}},"Turbine":{"A":{"1":50.5,"2":50.5,"3":50,"4":50},"B":{"1":47,"2":46.5,"3":46.5,"4":46.5},"C":{"1":47.5,"2":47.5,"3":47.5,"4":47.5},"D":{"1":50.5,"2":50,"3":50,"4":50}},"Upper":{"A":{"1":50,"2":50,"3":50,"4":50},"B":{"1":50,"2":50,"3":50,"4":50},"C":{"1":50,"2":50,"3":50,"4":50},"D":{"1":50,"2":50,"3":50,"4":50}}}',18,300,350,'2024-08-22 07:40:39.725344','01J1WQEDH0SZYZWAC1Z9QDTXCK',NULL,''),
('01J5VVFBWBV3VE0D9JKPX0Z4JK','01J4ME71CX4VYJ0SEWA35N78XY','MO 2020 After 2',2650,3160,'{"Clutch":{"A":{"1":49.5,"2":49.5,"3":49.5,"4":49.5},"B":{"1":48.5,"2":48.5,"3":48.5,"4":48.5},"C":{"1":51.5,"2":51.5,"3":51.5,"4":52},"D":{"1":50,"2":50,"3":50,"4":50}},"Turbine":{"A":{"1":49.5,"2":49.5,"3":50,"4":49.5},"B":{"1":46.5,"2":46.5,"3":46.5,"4":46.5},"C":{"1":47.5,"2":47.5,"3":47.5,"4":47.5},"D":{"1":50,"2":50,"3":50,"4":50}},"Upper":{"A":{"1":50,"2":50,"3":50,"4":50},"B":{"1":50,"2":50,"3":50,"4":50},"C":{"1":50,"2":50,"3":50,"4":50},"D":{"1":50,"2":50,"3":50,"4":50}}}',18,300,350,'2024-08-22 08:33:32.428445','01J1WQEDH0SZYZWAC1Z9QDTXCK',NULL,''),
('01J5VJAYXBWB20FS2BBEAZ5M6J','01J4ME71CWZVMTJMQ1SPZMFWR5','Laporan 221',2000,4000,'{"Clutch":{"A":{"1":1,"2":1,"3":1,"4":1},"B":{"1":1,"2":1,"3":1,"4":1},"C":{"1":1,"2":1,"3":1,"4":1},"D":{"1":1,"2":1,"3":1,"4":1}},"Turbine":{"A":{"1":1,"2":1,"3":1,"4":1},"B":{"1":1,"2":1,"3":1,"4":1},"C":{"1":1,"2":1,"3":1,"4":1},"D":{"1":1,"2":1,"3":1,"4":1}},"Upper":{"A":{"1":1,"2":1,"3":1,"4":1},"B":{"1":1,"2":1,"3":1,"4":1},"C":{"1":1,"2":1,"3":1,"4":1},"D":{"1":1,"2":1,"3":1,"4":1}}}',8,200,400,'2024-08-22 05:53:50.891912','01J06DSG8ZTVZTBW5NZ87XRVMX','2024-08-22 10:55:57.312553','01J1WQEDH0SZYZWAC1Z9QDTXCK'),
('01J5VJSHY0HSTWZX8HYZQSJNTM','01J4ME71CWZVMTJMQ1SPZMFWR5','Laporan 222',2000,4000,'{"Clutch":{"A":{"1":1,"2":1,"3":1,"4":1},"B":{"1":1,"2":1,"3":1,"4":1},"C":{"1":1,"2":1,"3":1,"4":1},"D":{"1":1,"2":1,"3":1,"4":1}},"Turbine":{"A":{"1":1,"2":1,"3":1,"4":1},"B":{"1":1,"2":1,"3":1,"4":1},"C":{"1":1,"2":1,"3":1,"4":1},"D":{"1":1,"2":1,"3":1,"4":1}},"Upper":{"A":{"1":1,"2":1,"3":1,"4":1},"B":{"1":1,"2":1,"3":1,"4":1},"C":{"1":1,"2":1,"3":1,"4":1},"D":{"1":1,"2":1,"3":1,"4":1}}}',8,200,400,'2024-08-22 06:01:49.121325','01J06DSG8ZTVZTBW5NZ87XRVMX','2024-08-22 10:56:43.615728','01J1WQEDH0SZYZWAC1Z9QDTXCK'),
('01J5VJ1HFG41SXP3VRWD31NGEW','01J4ME71CWZVMTJMQ1SPZMFWR5','Laporan 22',2000,4000,'{"Clutch":{"A":{"1":1,"2":1,"3":1,"4":1},"B":{"1":1,"2":1,"3":1,"4":1},"C":{"1":1,"2":1,"3":1,"4":1},"D":{"1":1,"2":1,"3":1,"4":1}},"Turbine":{"A":{"1":1,"2":1,"3":1,"4":1},"B":{"1":1,"2":1,"3":1,"4":1},"C":{"1":1,"2":1,"3":1,"4":1},"D":{"1":1,"2":1,"3":1,"4":1}},"Upper":{"A":{"1":1,"2":1,"3":1,"4":1},"B":{"1":1,"2":1,"3":1,"4":1},"C":{"1":1,"2":1,"3":1,"4":1},"D":{"1":1,"2":1,"3":1,"4":1}}}',8,200,400,'2024-08-22 05:48:42.225093','01J06DSG8ZTVZTBW5NZ87XRVMX','2024-08-22 10:56:57.461981','01J1WQEDH0SZYZWAC1Z9QDTXCK'),
('01J5VKFEA262BPN684FGPWFHQH','01J4ME71CWZVMTJMQ1SPZMFWR5','Laporan 224',2000,4000,'{"Clutch":{"A":{"1":1,"2":1,"3":1,"4":1},"B":{"1":1,"2":1,"3":1,"4":1},"C":{"1":1,"2":1,"3":1,"4":1},"D":{"1":1,"2":1,"3":1,"4":1}},"Turbine":{"A":{"1":1,"2":1,"3":1,"4":1},"B":{"1":1,"2":1,"3":1,"4":1},"C":{"1":1,"2":1,"3":1,"4":1},"D":{"1":1,"2":1,"3":1,"4":1}},"Upper":{"A":{"1":1,"2":1,"3":1,"4":1},"B":{"1":1,"2":1,"3":1,"4":1},"C":{"1":1,"2":1,"3":1,"4":1},"D":{"1":1,"2":1,"3":1,"4":1}}}',8,200,400,'2024-08-22 06:13:46.306345','01J06DSG8ZTVZTBW5NZ87XRVMX','2024-08-22 10:54:52.519201','01J1WQEDH0SZYZWAC1Z9QDTXCK'),
('01J5VJXQSRTPHJE2P5JS486NZ3','01J4ME71CWZVMTJMQ1SPZMFWR5','L 2223',2000,4000,'{"Clutch":{"A":{"1":1,"2":1,"3":1,"4":1},"B":{"1":1,"2":1,"3":1,"4":1},"C":{"1":1,"2":1,"3":1,"4":1},"D":{"1":1,"2":1,"3":1,"4":1}},"Turbine":{"A":{"1":1,"2":1,"3":1,"4":1},"B":{"1":1,"2":1,"3":1,"4":1},"C":{"1":1,"2":1,"3":1,"4":1},"D":{"1":1,"2":1,"3":1,"4":1}},"Upper":{"A":{"1":1,"2":1,"3":1,"4":1},"B":{"1":1,"2":1,"3":1,"4":1},"C":{"1":1,"2":1,"3":1,"4":1},"D":{"1":1,"2":1,"3":1,"4":1}}}',8,200,400,'2024-08-22 06:04:06.20102','01J06DSG8ZTVZTBW5NZ87XRVMX','2024-08-22 10:55:13.922799','01J1WQEDH0SZYZWAC1Z9QDTXCK'),
('01J5WB3GRA61E3R41Q0SQE9GKJ','01J4ME71CX4VYJ0SEWA35N78XY','MO',2650,3160,'{"Clutch":{"A":{"1":50,"2":50,"3":50,"4":50},"B":{"1":50,"2":50,"3":50,"4":50},"C":{"1":50,"2":50,"3":50,"4":50},"D":{"1":50,"2":50,"3":50,"4":50}},"Turbine":{"A":{"1":50,"2":50,"3":50,"4":50},"B":{"1":50,"2":50,"3":50,"4":50},"C":{"1":50,"2":50,"3":50,"4":50},"D":{"1":50,"2":50,"3":50,"4":50}},"Upper":{"A":{"1":50,"2":50,"3":50,"4":50},"B":{"1":50,"2":50,"3":50,"4":50},"C":{"1":50,"2":50,"3":50,"4":50},"D":{"1":50,"2":50,"3":50,"4":5050}}}',18,300,350,'2024-08-22 13:06:41.418796','01J5W50SMQH6TSX4VJ1HW7Z4D5','2024-08-22 13:27:05.719823','01J1WQEDH0SZYZWAC1Z9QDTXCK'),
('01J5WB03Q2WP0MK8V1NXR09PJZ','01J4ME71CX4VYJ0SEWA35N78XY','MO',2650,3160,'{"Clutch":{"A":{"1":50,"2":50,"3":50,"4":50},"B":{"1":50,"2":50,"3":50,"4":50},"C":{"1":50,"2":50,"3":50,"4":50},"D":{"1":50,"2":50,"3":50,"4":50}},"Turbine":{"A":{"1":50,"2":50,"3":50,"4":50},"B":{"1":50,"2":50,"3":50,"4":50},"C":{"1":50,"2":50,"3":50,"4":50},"D":{"1":50,"2":50,"3":50,"4":50}},"Upper":{"A":{"1":50,"2":50,"3":50,"4":50},"B":{"1":50,"2":50,"3":50,"4":50},"C":{"1":50,"2":50,"3":50,"4":50},"D":{"1":50,"2":50,"3":50,"4":5050}}}',18,300,350,'2024-08-22 13:04:49.762569','01J5W50SMQH6TSX4VJ1HW7Z4D5','2024-08-22 13:27:14.525051','01J1WQEDH0SZYZWAC1Z9QDTXCK'),
('01J5ZA67BP2JV0YMNYA0SZ7K3G','01J4ME71CX4VYJ0SEWA1FDVDJ3','run out Cirata 1 Before ',2650,3160,'{"Clutch":{"A":{"1":50,"2":50,"3":50,"4":50},"B":{"1":52,"2":51,"3":51.5,"4":51.5},"C":{"1":50,"2":50,"3":50,"4":50},"D":{"1":51,"2":51,"3":51,"4":51}},"Turbine":{"A":{"1":49,"2":49,"3":48.5,"4":48.5},"B":{"1":50,"2":50,"3":50,"4":50},"C":{"1":48,"2":48,"3":48,"4":48},"D":{"1":48,"2":48,"3":48,"4":48}},"Upper":{"A":{"1":50.5,"2":50.5,"3":50.5,"4":50.5},"B":{"1":50.5,"2":50.5,"3":50.5,"4":50.5},"C":{"1":50.5,"2":50.5,"3":51,"4":51},"D":{"1":50,"2":50,"3":50,"4":50}}}',18,220,350,'2024-08-23 16:48:24.822425','01J5W50SMQH6TSX4VJ1HW7Z4D5',NULL,''),
('01J5ZB9EQGYPWT687WZ96PA7AT','01J4ME71CX4VYJ0SEWA1FDVDJ3','OH Unit 1 2024',2650,3160,'{"Clutch":{"A":{"1":47.5,"2":47.5,"3":47.5,"4":47.5},"B":{"1":46,"2":46,"3":46,"4":46},"C":{"1":47.5,"2":47.5,"3":47.5,"4":47.5},"D":{"1":46,"2":46,"3":46,"4":46}},"Turbine":{"A":{"1":45,"2":45,"3":45,"4":45},"B":{"1":43,"2":43,"3":43,"4":43},"C":{"1":42,"2":42,"3":42,"4":42},"D":{"1":44,"2":44,"3":44,"4":44}},"Upper":{"A":{"1":49.5,"2":49.5,"3":49.7,"4":49.8},"B":{"1":49.5,"2":49.5,"3":49.5,"4":49.7},"C":{"1":49.5,"2":49.5,"3":49.5,"4":49.5},"D":{"1":49.5,"2":49.5,"3":49.5,"4":49.9}}}',18,220,350,'2024-08-23 17:07:39.248385','01J5ST8VC7R4VHBR9B2CTQ2B19',NULL,'');

INSERT INTO "public"."users" ("id","name","username","email","division_id","role","status","password_hash","password_salt","activated_by","blocked_by","radius_status","created_at","created_by","updated_at","updated_by","deleted_at","deleted_by","phone") VALUES 
('01J4MG5CYNS16CZAXYSXJVZX6T','alifano','alifano','alifano@gmail.com','01J06DRG2A5DEQY8CZH7GDE2N2',1,1,'8f82307499f0b213ea10761fb005965581a1dfe0ca6970fbf7e5994800b5f02a5a3a18ff611fd061eda1c4863674bb3403f9e9faf10196b2993de3bd1f5ebb9a66489290de763274c5600c79cb074240c75156f5de743b84','688a376bf02e3828a67ce51d82e093c4e5c9e6aa20db18e68ece141d382a1c29e307fb4dd99c71e7681f5941ed61cc1e65c9aa5ad5b31557ffa19f447113b54a4ab1fca59d9209dafb0ba1a6aa1a6471249eb35baea36d86688effd1b359b67e93527413',NULL,NULL,'TRUE','2024-06-12 14:35:01.929863',NULL,NULL,NULL,NULL,NULL,''),
('01J1WQEDH0SZYZWAC1Z9QDTXCK','UP Brantas','upbrantas','upbrantas@gmail.com','01J06DRG2A5DEQY8CZH7GDE2N2',2,1,'1a34625a3243c4ea1ee133d25d8560c15676f736af9c4bd3ad096bf499b7064e594ea58d244add1e9ad75f023a767fe46472fd28e9efb7efc8ab9b822cde582eade46f90ec4826e1c711fb8fd8f075548c906bfdb1ffbf87','8e1618c9642784ced4d8410f4dd2f77c75a0eebf435ea7400ea054ab8d7d364052737d850ffe4bbb6bfbd86a',NULL,NULL,'TRUE','2024-07-03 23:39:34.196364',NULL,NULL,NULL,NULL,NULL,''),
('01J5SRZMZEKE5P2FKT691YBDA4','name','username','email@gmail.com','01J06DRG2A5DEQY8CZH7GDE2N2',2,1,'','','','','TRUE','2024-08-21 13:11:31.438955','01J4MG5CYNS16CZAXYSXJVZX6T',NULL,NULL,'2024-08-22 13:42:36.577291','',''),
('01J3DGX60AN4W4Y96F2Y4CX9D7','Didik Supriyanto','Didik','diksu@plnnusantarapower.co.id','01J06DRG2A5DEQY8CZH7GDE2N2',3,1,'931da4f859ab2897cf60200caaf4055b04322e57186fcbf884611612b6b145201652b51d516da59563c5ed37cccb4c6ade520f8c73badca8a193a5097c23821c31524c63766d51a5fb574a722a03aea4d6b6b5d59c97861a','90968057c9e898ba63623ab9abbea059675f166cdd385128e93189bd4018db8f66684411c541afc4ab1d65bb189be1ca','01J1WQEDH0SZYZWAC1Z9QDTXCK',NULL,'TRUE','2024-07-22 22:28:05.143861',NULL,'2024-08-08 08:12:43.944266',NULL,NULL,NULL,''),
('01J4RSFYWTME66XHX08VXCE9QJ','M Muthohari','Muthohari','mmuthohari@gmail.com','01J06DRG2A5DEQY8CZH7GDE2N2',3,1,'2a1690a6dc8acbec01da557718035a481f99c25b212aba120450dc12b561df984cc0881882588e5ca73bc3bc43fd1edef0e43ec4f612e930f7819c971609a1c0f508cd59f29ecbe7119f1567011878f2c5a73e67ef969121','f1cc22e802f7df9dea748f544cd1d0191fc1a81339703222b9d400438b89011c83cd876aa9b856023909d97b','01J1WQEDH0SZYZWAC1Z9QDTXCK','','TRUE','2024-08-08 17:45:29.639582','01J4RSFYWTME66XHX08VXCE9QJ','2024-08-08 17:49:41.26236',NULL,NULL,'',''),
('01J4TBCXF526FZ6VDE28XZBA02','ada','ad','adaada@yopmail.com','01J06DRG2A5DEQY8CZH7GDE2N2',3,1,'','','','','TRUE','2024-08-09 08:17:38.662109','01J06DSG8ZTVZTBW5NZ87XRVMX',NULL,NULL,'2024-08-09 08:38:46.946617','',''),
('01J4TA6Z4CBJVP89DC8XQ5WKEZ','TestAddUser','Testuser','testuser@yopmail.com','01J06DRG2A5DEQY8CZH7GDE2N2',3,1,'','','','','TRUE','2024-08-09 07:56:55.180793','01J06DSG8ZTVZTBW5NZ87XRVMX',NULL,NULL,'2024-08-09 08:39:33.895135','',''),
('01J4TCP0JXWDBN5BXYPPP32GWX','ABC','ABCC','abc@yopmail.com','01J06DRG2A5DEQY8CZH7GDE2N2',3,1,'','','','','TRUE','2024-08-09 08:40:05.341372','01J06DSG8ZTVZTBW5NZ87XRVMX',NULL,NULL,'2024-08-09 09:11:55.226793','',''),
('01J5292Z8BNK0PTJYDA7J8GW9K','adityairfan','adityairfan','adityairfan@yopmail.com','01J06DRG2A5DEQY8CZH7GDE2N2',3,1,'','','01J4MG5CYNS16CZAXYSXJVZX6T','','TRUE','2024-08-12 10:11:11.115355','01J06DSG8ZTVZTBW5NZ87XRVMX','2024-08-17 23:52:52.448726',NULL,'2024-08-22 13:41:28.560716','',''),
('01J06DSG8ZTVZTBW5NZ87XRVMX','masaditya','aditya','aditya@gmail.com','01J06DRG2A5DEQY8CZH7GDE2N2',1,1,'b58c6eebb54b30b852a70097c7e639657819a746b682332cc7ef99028cdbbe059fca2c8f85f644735356f9358c7ef223bedaebf7a2376b2358834456e02703435f30d8c1cda582c6ca30e6702bb94b899480acea670402ff','c71e64280ec734750579e433ae9b425beb8737c8f0539ff11db3d25a482bdeb3a351f034bf51b558',NULL,NULL,'TRUE','2024-06-12 14:35:01.929863',NULL,'2024-08-23 12:39:23.344099',NULL,NULL,NULL,'6281331674122'),
('01J5PWEEY027NJ6XBA1GMS2GZV','admin1','admin1','admin1@gmail.com','01J06DRG2A5DEQY8CZH7GDE2N2',2,1,'','','','','TRUE','2024-08-20 10:14:19.214953','01J06DSG8ZTVZTBW5NZ87XRVMX',NULL,NULL,'2024-08-22 13:42:55.051973','',''),
('01J5PR6E7NGV3GTPTZFM9NH08S','irfan','irfan','irfan@gmail.com','01J06DRG2A5DEQY8CZH7GDE2N2',2,1,'8f82307499f0b213ea10761fb005965581a1dfe0ca6970fbf7e5994800b5f02a5a3a18ff611fd061eda1c4863674bb3403f9e9faf10196b2993de3bd1f5ebb9a66489290de763274c5600c79cb074240c75156f5de743b84','688a376bf02e3828a67ce51d82e093c4e5c9e6aa20db18e68ece141d382a1c29e307fb4dd99c71e7681f5941ed61cc1e65c9aa5ad5b31557ffa19f447113b54a4ab1fca59d9209dafb0ba1a6aa1a6471249eb35baea36d86688effd1b359b67e93527413',NULL,NULL,'TRUE','2024-06-12 14:35:01.929863',NULL,'2024-08-17 19:46:49.170402',NULL,NULL,NULL,''),
('01J5STJX639TZ095561KM0CC8G','admin2','admin2','admin2@gmail.com','01J06DRG2A5DEQY8CZH7GDE2N2',2,1,'a38fc568b04f0917510fccba1f416e6e8546022a938031bd21909e7e561e968b00e3b80587664c8b461f01e4cd57cfc1e484f4cd2a20e48ce1f096f3596045a5655ba50bfffd77239d7015a785bb7eb441ec8414b3991b8f','09be29ce32ef56c033d116aaad26ce6ee5fee254fbf5614506b1ba9274c2485956aa82bb3d1048c464134e7b51266d7a','','','TRUE','2024-08-21 13:39:31.024796','01J06DSG8ZTVZTBW5NZ87XRVMX',NULL,NULL,NULL,'','6281334123123'),
('01J5SSBNGZQZPVYS67NRMB1BT2','TambahAdminTiga','tambahadmintiga','tambahadmintiga@yopmail.com','01J06DRG2A5DEQY8CZH7GDE2N2',2,1,'','','','','TRUE','2024-08-21 13:18:05.216119','01J06DSG8ZTVZTBW5NZ87XRVMX',NULL,NULL,NULL,'',''),
('01J5STSBEA4WSHTX11H3ZZMHDH','admin23','admin23','admin23@gmail.com','01J06DRG2A5DEQY8CZH7GDE2N2',2,1,'81677e2a1ac3307d14a8426b53d089ddd6809ded0ceebd5a12219818997f24af1f23b3e0b27eadbf976aee881b1b46c69ad5b230125d16ad036c69d1d825c7083eab79945b341588c84f5b5faeec55788d8b1aa7d4567009','cb3f864c2bfdb958e00f6bcc6d7172c54da803af53381a8b0f70bd4e5b19c684303571198a628ce0','','','TRUE','2024-08-21 13:43:02.228138','01J06DSG8ZTVZTBW5NZ87XRVMX',NULL,NULL,NULL,'','6281334123123'),
('01J5SGJQC4GJYSGB4Q8ZJXFG08','TambahAdmin','tambahadmin','tambahadmin@yopmail.com','01J06DRG2A5DEQY8CZH7GDE2N2',2,1,'','','','','TRUE','2024-08-21 10:44:39.300656','01J06DSG8ZTVZTBW5NZ87XRVMX',NULL,NULL,'2024-08-21 21:42:35.586102','',''),
('01J5G4Z5T518K7GE3YDDMS9D2F','testuser','testuser','testuser@gmail.com','01J06DRG2A5DEQY8CZH7GDE2N2',3,1,'d0489c0e8ebffdb602e3ad382da105b2853c48377149cc4be6a9c845dc53b716ed20dcdef27460d570736cf5aa0b1e8c4a730229485383bb4ed4816985a439a82008671ad5528b6bf8b19de529bdbb505d7d556c7a5a5f22','0a702cc3d6f6457b7ce54478e0183b64c50b848f21687b3903dcf88b1fa6036ea002e0c2ad1ae450','01J06DSG8ZTVZTBW5NZ87XRVMX','','FALSE','2024-08-17 19:28:34.553363','01J5G4Z5T518K7GE3YDDMS9D2F','2024-08-21 10:10:16.340068',NULL,'2024-08-22 13:41:38.182319','','6281331674120'),
('01J5SS97S63QW6CJEABFT822VV','AdminTry','AdminTry','gmail@gmail.com','01J06DRG2A5DEQY8CZH7GDE2N2',2,1,'d4982a8f61e955bc6b549cd409695152dca6f3ab323fb553df045aa6967ca5bcc830442cc662d93ba145ea0beff0c05aa39859cdeca1e1e5c1ed55c9757691248f726b7d871f9d8d085e165ea90f7725419440f9f10a1e88','0cc5e0d4582896d3d18e11cce211b388366a1ce8816fe1d17a85835e89997ac32ca71c99d39b85a9537a1a445a3981c5','','','TRUE','2024-08-21 13:16:45.60648','01J4MG5CYNS16CZAXYSXJVZX6T','2024-08-21 21:54:05.255512',NULL,'2024-08-21 22:23:05.282841','',''),
('01J5SHQ5DZSD2R3YAPS09QVW6Y','TambahAdminDua','tambahadmindua','tambahadmindua@yopmail.com','01J06DRG2A5DEQY8CZH7GDE2N2',2,1,'','','','','TRUE','2024-08-21 11:04:33.343643','01J06DSG8ZTVZTBW5NZ87XRVMX',NULL,NULL,'2024-08-22 13:43:11.885366','',''),
('01J5ST8VC7R4VHBR9B2CTQ2B19','Nyoto Nugroho','Nyotonugroho','nyotonugroho83@gmail.com','01J06DRG2A5DEQY8CZH7GDE2N2',3,1,'c21ac3b1338791b1bdeef2aab14b62508a4bb2569381af131b5d9b3086856034d2fe99056fd111f97424d615c98e0d388d39a1b11dac86793b9a0b95931a584a3ec4bd93fc62d592102df4501cce6da9d854d28e1e4c28c6','42e2f47eeb1eea5c071b6aebef724592a9d404024a5243d7eb67c5fa36ef3fff21c0d5e7acf3cd8317aada8b','','','FALSE','2024-08-21 13:34:01.479588','01J4MG5CYNS16CZAXYSXJVZX6T','2024-08-21 14:07:44.560413',NULL,NULL,'',''),
('01J5SXB0NVZ1M1FGZEMSBFKWNE','Tambah Admin Lima','tambahadmin5','tambahadmin5@yopmail.com','01J06DRG2A5DEQY8CZH7GDE2N2',2,1,'64fea25757558005735161873e019c95b4335e4c0dcfdc501c04013ea8f60f9bdecc5e23d88ff3e723c08aba6eb3369b2e6a6d548f996bf21d1034365f361602ccfa8b42d6c32d9f099ccce8601db67e5a42bf244a7ecffc','3fe22194248f8cb09eb33fb0b8f77dcd4d99ec2f0ed5a39d679e082d90392f6dff7922b17685d60b','','','TRUE','2024-08-21 14:27:38.172086','01J06DSG8ZTVZTBW5NZ87XRVMX',NULL,NULL,NULL,'','6289998765433'),
('01J5SX5KKCNZ967XD76K6ZMMT2','Tambah Admin Empat','tambahadmin4','tambahadmin4@yopmail.com','01J06DRG2A5DEQY8CZH7GDE2N2',2,1,'8ea8ad175d20d9c5c9b169689b27b25ada4e4f4c1bfd2b0d2ca694792015298382a479cc09fd0366ec9ce38ee0b8c2691be0d4f39148579899d3a8de73805670d7dcca4e6eef37c78c6f6af43b22926749166a880e8b4f12','76f19e472c1399393ced795fddc73e13a1a6cc836b8a2efc0eb87a697af4a7832548a8737a43be8db0c507811357e7f4','','','TRUE','2024-08-21 14:24:40.940871','01J06DSG8ZTVZTBW5NZ87XRVMX','2024-08-21 16:25:48.40324',NULL,NULL,'','08999987643'),
('01J5V05VAY9402AZYKGS4AJTTB','adminbaru','adminbaru','adminbaru@gmail.com','01J06DRG2A5DEQY8CZH7GDE2N2',2,1,'d21653761dd7a372614281265c5acea5423bf1b3cba07a68b044a2493db153b511de70a4f48fb981c8b324683cef029987675d34aa278b7dae7accd5ecf40850959ee7069f867490e0ccaee3dccea9f18052cade29ef5af8','37156c0d6f6b7eb44d81af7592d3a246a7e7bf402b58a42ce6886db50eecc5de4c29867d9dbdcb59','','','TRUE','2024-08-22 00:36:29.02285','01J06DSG8ZTVZTBW5NZ87XRVMX',NULL,NULL,NULL,'','6281223123321'),
('01J5TVW4GZ7TTPERM9PKNN37V6','alifanotesting2','alifanotesting2','mail555@gmail.com','01J06DRG2A5DEQY8CZH7GDE2N2',3,1,'3a8b6f8efa6bfa241c1911e075ee9265e6f1ac791e6b0ab23fc28b95455dacd14e73cf7d9509a26989fec4369aa9fc637a8fcaa3b2e6791de050256a1437f46b052d07ffda6bced9f37f366f53116bc7a0bbc30f3a9832d0','84f358b89d4eb8f5c005ef222831821a20a207651cef47879bb179220a247f1f6218a58ae029054f9694b215','01J06DSG8ZTVZTBW5NZ87XRVMX','01J06DSG8ZTVZTBW5NZ87XRVMX','TRUE','2024-08-21 23:21:16.462003','01J5TVW4GZ7TTPERM9PKNN37V6','2024-08-22 00:11:31.495479',NULL,'2024-08-22 13:42:00.816332','','6287666536475'),
('01J531BQHV6TXY82V4AQZ5XK9F','Mas Fano','Fano','fano@mail.com','01J06DRG2A5DEQY8CZH7GDE2N2',3,1,'34871ed2faae8e7191d8a5b36703c16134046f1f09f185ff55998b83f07eef66d3b23afd5f4b1e3a1b912def26be2fe2821f1905c0a05f43ca98a4039f9aa4ceb0957096fb95e701f07951ea437f1db77e558ed1280e7c75','d78abed04d94e6a363e422249c54dac0f5b4a4aff4ddc44a495a201c5f5076aaf12d59feb826735af0a54867','01J4MG5CYNS16CZAXYSXJVZX6T','','FALSE','2024-08-12 17:15:23.978087','01J531BQHV6TXY82V4AQZ5XK9F','2024-08-22 10:07:06.820954',NULL,'2024-08-22 11:55:26.640219','','6285155071076'),
('01J5SZKADBAJ9XSTMPR1KXZW2K','089666342454','nusantoko','nusantoko@yopmail.com','01J06DRG2A5DEQY8CZH7GDE2N2',2,2,'4563be83a743f79a30eabe004ff7271a66ddef030045922bc47d70b18d946df4dee40210b1ac1da5364bbf9a276dd974a0b3d620e8408152769d23566a29acac6d69811cffae48d3c635ce1b4daa89e160393d3c3c6eb50e','12d1ca933f95c0c8e25803677e9376b6018555f978afd0cff7bb38e7ce131c3ca19c679af4aac11758f399a4','','01J4MG5CYNS16CZAXYSXJVZX6T','TRUE','2024-08-21 15:07:07.45738','01J5SZKADBAJ9XSTMPR1KXZW2K','2024-08-21 22:23:16.519506',NULL,'2024-08-22 13:42:24.881037','','6289666342454'),
('01J5W50SMQH6TSX4VJ1HW7Z4D5','Anang Efendi','anangefendi','anang.efendi@plnnusantarapower.co.id','01J06DRG2A5DEQY8CZH7GDE2N2',3,1,'69e35f0cba0bd6e9af6b4b39d82f3ef7ab4b3e17f5ab4308abeaa39978a081bbae1d9431777bbfcc0a747091abfe7c7e4e06e26ac5881cecc2951f000f153a6a09879ce42c63761a8e7fc915a3a1191d0659733dc2c71b6c','d1f8916a33a366025c79074004b5d255eee19c541eda1f7632b6b9220c7d3a005f442b47c465eceaf97be7f2','01J1WQEDH0SZYZWAC1Z9QDTXCK','','FALSE','2024-08-22 11:20:20.773912','01J5W50SMQH6TSX4VJ1HW7Z4D5','2024-08-22 11:23:43.491212',NULL,NULL,'','6281332212222'),
('01J5TKF1DKT6P3CSP3VSEC0F95','Tambah User Satu','tambahuser1','tambahuser1@yopmail.com','01J06DRG2A5DEQY8CZH7GDE2N2',3,1,'c9839eb481e6bb8a8f942ade17501ef4a20bf2f1a7f9a56248abe06052818e3c9ddbc1fe9be63b8887c09265a3720a420d60398a0cc5d21444cab2bcd92c6f6c87d138cfed6a48595b7502e097c694a0c0ad95ab147c3691','58ac8b27a713e121af0208f65ab43bf7c26ca7039c083a8c2618f3c1705bc420bd4c6be626dbdbadc2eb847fe858dbfe','','','TRUE','2024-08-21 20:54:18.676221','01J5SXB0NVZ1M1FGZEMSBFKWNE',NULL,NULL,'2024-08-22 11:55:35.242054','','6282345678918'),
('01J5SWFQBM8PDXGRDRD6MMNZYG','password','password','password@gmail.com','01J06DRG2A5DEQY8CZH7GDE2N2',3,1,'523dbdd21a0b84faf6b1fc6b77212a1e6cb8d896ec915c6a1aca927d3a8367fdc18f86d51d5ee6156b665c013e0f6d7b9d9448f9fb6082950bf73ed9067994b4e4127e8e7ee01551aeb57003d527c7003dd5532180af4ac9','3895747e733723be6f208e16e56592bd66bf32b83f1b80da360cd1f7d44ee1c98fdb556d74341ac06c244725719d5075','','','TRUE','2024-08-21 14:12:43.893067','01J5STSBEA4WSHTX11H3ZZMHDH',NULL,NULL,'2024-08-22 11:55:44.409498','','62762223312'),
('01J5W7NB4X9SVY0P577GGAHZ9N','Super Admin','superadmin','superadmin1@plnnusantarapower.co.id','01J06DRG2A5DEQY8CZH7GDE2N2',1,1,'2c38c2f56fcd75dbe83b693a935a1db580590fccb68ddca14c76d42b2134e59d5ec107a0d123ca70a5e74de9e678a283c8dce25cf037f483dee8becebf89a388ce264c0a2418bdde6eb3e8ac1eafcb4a3f057b605d4d4294','6794986086decbd7a962f7bb516f03440b1e8dd7173c69a2299ed0d90446bb3501323e748607cec0',NULL,NULL,'TRUE','2022-08-22 12:08:01.929863',NULL,NULL,NULL,NULL,NULL,'6281123432123'),
('01J5W5ZEN8CRKV5MZW1DRB3R44','Kresna Nurhadewa','kresna','k.nurhadewa@plnnusantarapower.co.id','01J06DRG2A5DEQY8CZH7GDE2N2',3,1,'cebfb50bb449bc6fc0d49295de671ee04ab6ca0f231ed70e92a87f379479cc0703a1860d08ab1ab20c7f55fde41e7d44ea0d9150d5805decdde0a1c3d17b86a265170e659b340ae7550999c262c97cab8c3dcc46b32b7bc0','379a012f3f7ead4a5621d46bce1030a862acb3cd313347cccb432dea34665862623c940055d494fb8dffd82ffac92357','','','FALSE','2024-08-22 11:37:05.321274','01J5V05VAY9402AZYKGS4AJTTB','2024-08-22 12:03:41.805059',NULL,NULL,'','6285647063131'),
('01J5T153BWM8ZVNRK7SGC02699','rizki','rizki','rizki@yopmail.com','01J06DRG2A5DEQY8CZH7GDE2N2',3,2,'cbbdbe34e5510d69354e37c9be443479c7e387d68ac54f92207195ca60c54183d7c128e601deabc874cdd90a33a5a1545f5558ff7553d981edae6d7c2b5236d72b6c0c463f619fe6239fe198a49d49647f7152309c0ac05f','213cbb6e1508d7e5576167ef1fbc16d40f6c65ba4129aa0d06c205f64c6b3c996bd0df527176743d','','01J4MG5CYNS16CZAXYSXJVZX6T','FALSE','2024-08-21 15:34:18.635922','01J5T153BWM8ZVNRK7SGC02699','2024-08-21 22:22:43.554981',NULL,'2024-08-22 13:41:51.150033','','6289666342453'),
('01J5TVMWPP4TNHGZ2GQRBTQ33E','userfano','userfano','userfano@gmail.com','01J06DRG2A5DEQY8CZH7GDE2N2',2,1,'bdc5b567163919a73cc5512a11d821d9aa8bc068e4a52c7a41b0a8d9f0493728839fa22af96b5d51e5fd50815cdbc3dcc5f9041a8bea432317a90d227a81b0191f2b91c599538fd109871569da646edeed0ef205959a1061','d02434b1d60ade70c5d9cd8223588271fa482a0251b9bf8722a4e8c42a9281211ddad7107b93738c97c3c384f45ecf93','01J06DSG8ZTVZTBW5NZ87XRVMX','01J06DSG8ZTVZTBW5NZ87XRVMX','TRUE','2024-08-21 23:17:19.062924','01J06DSG8ZTVZTBW5NZ87XRVMX','2024-08-21 23:24:14.186836',NULL,'2024-08-23 11:17:53.780109','','6281334567123'),
('01J5YQAWC6S3F8M4NPK6VE4TF2','Alifano A','alifanoa','alifanoa@gmail.com','01J06DRG2A5DEQY8CZH7GDE2N2',2,1,'31e36d3d897387854ffbd8f89bcdc6579f9e8547670dd5e58484f20af642e91d32509e8ce5afb01f78cd74f52feacf6b8c801b2177602fd1e237858e2d1849a24214743e3debaa860859723b7bbd706db36faee41b57c5f3','5d88abd594491fbe8c563cbbd4da566a5260a0c328e9fb529b682bbc5561cfb8c037fa0b89c7e875','','','TRUE','2024-08-23 11:18:54.470956','01J5W7NB4X9SVY0P577GGAHZ9N','2024-08-23 17:32:43.517425',NULL,NULL,'','6286237465787'),
('01J5WF7V5SNJHAGKZXW41421Z9','Alifano U','alifanou','alifanou@plnnusantarapower.co.id','01J06DRG2A5DEQY8CZH7GDE2N2',3,1,'4bb5ffa270cfe4f00af8943a699f110cf76d3274b9df339bd21bf52cd4816d1305ee2acf6e8c318823b1043588fa364d805858b51563cdd71a08297830202d33ef730d807dddf10efca0292d6b5ffd826031e7d4fa5c38d8','7e0dbe92799b5f72b0432b7f1ca19a2c66b79a9e09d17c3c69a8848c0680453385eb6e9bc37328a69f998624c64ed89a','','','TRUE','2024-08-22 14:18:57.465964','01J5W7NB4X9SVY0P577GGAHZ9N','2024-08-23 17:31:29.906403',NULL,NULL,'','6285155071076');
