-- -------------------------------------------------------------
-- -------------------------------------------------------------
-- TablePlus 1.2.0
--
-- https://tableplus.com/
--
-- Database: postgres
-- Generation Time: 2024-08-04 16:33:57.241385
-- -------------------------------------------------------------

-- This script only contains the table creation statements and does not fully represent the table in database. It's still missing: indices, triggers. Do not use it as backup.

-- Table Definition
CREATE TABLE "public"."users" (
    "id" varchar NOT NULL,
    "name" varchar NOT NULL,
    "username" varchar NOT NULL,
    "email" varchar NOT NULL,
    "division_id" varchar NOT NULL,
    "role" int4 NOT NULL,
    "status" int4 NOT NULL,
    "password_hash" varchar,
    "password_salt" varchar,
    "activated_by" varchar,
    "blocked_by" varchar,
    "radius_status" bool NOT NULL DEFAULT false,
    "created_at" timestamp NOT NULL DEFAULT now(),
    "created_by" varchar(50),
    "updated_at" timestamp,
    "updated_by" varchar(50),
    "deleted_at" timestamp,
    "deleted_by" varchar(50),
    PRIMARY KEY ("id"),
   	CONSTRAINT fk_users_created_by
        FOREIGN KEY (created_by)
            REFERENCES users (id),
    CONSTRAINT fk_users_activated_by
        FOREIGN KEY (activated_by)
            REFERENCES users (id),
    CONSTRAINT fk_users_blocked_by
        FOREIGN KEY (blocked_by)
            REFERENCES users (id),
    CONSTRAINT fk_users_updated_by
        FOREIGN KEY (updated_by)
            REFERENCES users (id),
    CONSTRAINT fk_users_deleted_by
        FOREIGN KEY (deleted_by)
            REFERENCES users (id)
);

-- This script only contains the table creation statements and does not fully represent the table in database. It's still missing: indices, triggers. Do not use it as backup.

-- Table Definition
CREATE TABLE "public"."divisions" (
    "id" varchar NOT NULL,
    "name" varchar NOT NULL,
    "created_at" timestamp NOT NULL DEFAULT now(),
    "updated_at" timestamp,
    "deleted_at" timestamp,
    PRIMARY KEY ("id")
);

-- This script only contains the table creation statements and does not fully represent the table in database. It's still missing: indices, triggers. Do not use it as backup.

-- Table Definition
CREATE TABLE "public"."plta" (
    "id" varchar NOT NULL,
    "name" varchar NOT NULL,
    "status" bool NOT NULL DEFAULT false,
    "lat" float8 NOT NULL DEFAULT 0,
    "long" float8 NOT NULL DEFAULT 0,
    "radius_status" bool NOT NULL DEFAULT false,
    "radius" float8,
    "radius_type" varchar,
    "created_at" timestamp NOT NULL DEFAULT now(),
    "created_by" varchar NOT NULL DEFAULT ''::character varying,
    "updated_at" timestamp,
    "updated_by" varchar,
    "deleted_at" timestamp,
    "deleted_by" varchar,
    PRIMARY KEY ("id"),
  	CONSTRAINT fk_plta_created_by
        FOREIGN KEY (created_by)
            REFERENCES users (id),
  	CONSTRAINT fk_plta_deleted_by
        FOREIGN KEY (deleted_by)
            REFERENCES users (id)
);

-- This script only contains the table creation statements and does not fully represent the table in database. It's still missing: indices, triggers. Do not use it as backup.

-- Table Definition
CREATE TABLE "public"."plta_units" (
    "id" varchar NOT NULL,
    "plta_id" varchar NOT NULL,
    "status" bool NOT NULL,
    "created_at" timestamp NOT NULL DEFAULT now(),
    "updated_at" timestamp,
    "deleted_at" timestamp,
    "name" varchar NOT NULL,
    "created_by" varchar NOT NULL,
    "updated_by" varchar,
    "deleted_by" varchar,
    PRIMARY KEY ("id"),
    CONSTRAINT fk_plta
        FOREIGN KEY (plta_id)
            REFERENCES plta (id)
);

-- This script only contains the table creation statements and does not fully represent the table in database. It's still missing: indices, triggers. Do not use it as backup.

-- Table Definition
CREATE TABLE "public"."turbines" (
    "id" varchar NOT NULL,
    "plta_unit_id" varchar NOT NULL,
    "title" varchar NOT NULL DEFAULT ''::character varying,
    "gen_bearing_to_coupling" float8 NOT NULL,
    "coupling_to_turbine" float8 NOT NULL,
    "data" json NOT NULL,
    "total_bolts" int4 NOT NULL DEFAULT 0,
    "current_torque" float8 NOT NULL DEFAULT 0,
    "max_torque" float8 NOT NULL DEFAULT 0,
    "created_at" timestamp NOT NULL DEFAULT now(),
    "created_by" varchar NOT NULL DEFAULT ''::character varying,
    "deleted_at" timestamp,
    "deleted_by" varchar DEFAULT ''::character varying,
    PRIMARY KEY ("id"),
    CONSTRAINT fk_turbines_plta_unit_id
        FOREIGN KEY (plta_unit_id)
            REFERENCES plta_units (id),
    CONSTRAINT fk_turbines_created_by
        FOREIGN KEY (created_by)
            REFERENCES users (id)
);


-- Column Comments
COMMENT ON COLUMN "public"."users"."role" IS 'super admin = 1, admin = 2, user = 3';
COMMENT ON COLUMN "public"."users"."status" IS 'inactive = 0, active = 1, blocked by admin = 2';

INSERT INTO "public"."users" ("id","name","username","email","division_id","role","status","activated_by","blocked_by","radius_status","password_hash","password_salt","created_at","created_by","updated_at","updated_by","deleted_at","deleted_by") VALUES 
('01J06DSG8ZTVZTBW5NZ87XRVMX','aditya','aditya','aditya@gmail.com','01J06DRG2A5DEQY8CZH7GDE2N2',1,1,NULL,NULL,TRUE,'8f82307499f0b213ea10761fb005965581a1dfe0ca6970fbf7e5994800b5f02a5a3a18ff611fd061eda1c4863674bb3403f9e9faf10196b2993de3bd1f5ebb9a66489290de763274c5600c79cb074240c75156f5de743b84','688a376bf02e3828a67ce51d82e093c4e5c9e6aa20db18e68ece141d382a1c29e307fb4dd99c71e7681f5941ed61cc1e65c9aa5ad5b31557ffa19f447113b54a4ab1fca59d9209dafb0ba1a6aa1a6471249eb35baea36d86688effd1b359b67e93527413','2024-06-12 14:35:01.929863',NULL,NULL,NULL,NULL,NULL),
('01J4MG5CYNS16CZAXYSXJVZX6T','alifano','alifano','alifano@gmail.com','01J06DRG2A5DEQY8CZH7GDE2N2',1,1,NULL,NULL,TRUE,'8f82307499f0b213ea10761fb005965581a1dfe0ca6970fbf7e5994800b5f02a5a3a18ff611fd061eda1c4863674bb3403f9e9faf10196b2993de3bd1f5ebb9a66489290de763274c5600c79cb074240c75156f5de743b84','688a376bf02e3828a67ce51d82e093c4e5c9e6aa20db18e68ece141d382a1c29e307fb4dd99c71e7681f5941ed61cc1e65c9aa5ad5b31557ffa19f447113b54a4ab1fca59d9209dafb0ba1a6aa1a6471249eb35baea36d86688effd1b359b67e93527413','2024-06-12 14:35:01.929863',NULL,NULL,NULL,NULL,NULL),
('01J1WQEDH0SZYZWAC1Z9QDTXCK','UP Brantas','upbrantas','upbrantas@gmail.com','01J06DRG2A5DEQY8CZH7GDE2N2',2,1,NULL,NULL,TRUE,'1a34625a3243c4ea1ee133d25d8560c15676f736af9c4bd3ad096bf499b7064e594ea58d244add1e9ad75f023a767fe46472fd28e9efb7efc8ab9b822cde582eade46f90ec4826e1c711fb8fd8f075548c906bfdb1ffbf87','8e1618c9642784ced4d8410f4dd2f77c75a0eebf435ea7400ea054ab8d7d364052737d850ffe4bbb6bfbd86a','2024-07-03 23:39:34.196364',NULL,NULL,NULL,NULL,NULL),
('01J3DGX60AN4W4Y96F2Y4CX9D7','Didik Supriyanto','Didik','diksu@plnnusantarapower.co.id','01J06DRG2A5DEQY8CZH7GDE2N2',3,1,'01J1WQEDH0SZYZWAC1Z9QDTXCK',NULL,TRUE,'931da4f859ab2897cf60200caaf4055b04322e57186fcbf884611612b6b145201652b51d516da59563c5ed37cccb4c6ade520f8c73badca8a193a5097c23821c31524c63766d51a5fb574a722a03aea4d6b6b5d59c97861a','90968057c9e898ba63623ab9abbea059675f166cdd385128e93189bd4018db8f66684411c541afc4ab1d65bb189be1ca','2024-07-22 22:28:05.143861',NULL,NULL,NULL,NULL,NULL);

INSERT INTO "public"."divisions" ("id","name","created_at","updated_at","deleted_at") VALUES ('01J06DRG2A5DEQY8CZH7GDE2N2','Engineer','2024-06-12 21:32:06',NULL,NULL);

INSERT INTO "public"."plta" ("id","name","status","lat","long","radius_status","radius","radius_type","created_at","created_by","updated_at","updated_by","deleted_at","deleted_by") VALUES 
('01J4MDJFYXGM9659B8A9TESG0H', 'PLTA SENGGURUH', TRUE, -8.185076959623556, 112.54922423888785, TRUE, 5, 'kilometer', '2024-08-07 01:05:02.140716', '01J06DSG8ZTVZTBW5NZ87XRVMX', NULL, NULL, NULL, NULL),
('01J4MDJFYXGM9659B8A9X31TFV', 'PLTA SUTAMI', TRUE, -8.161072949682794, 112.44417598121473, TRUE, 5, 'kilometer', '2024-08-07 01:05:02.140716', '01J06DSG8ZTVZTBW5NZ87XRVMX', NULL, NULL, NULL, NULL),
('01J4MDJFYXGM9659B8ABEYXTJT', 'PLTA WLINGI', TRUE, -8.14186513669048, 112.24726285237836, TRUE, 5, 'kilometer', '2024-08-07 01:05:02.140716', '01J06DSG8ZTVZTBW5NZ87XRVMX', NULL, NULL, NULL, NULL),
('01J4MDJFYXGM9659B8AFBVKQSY', 'PLTA LODOYO', TRUE, -8.148784443246594, 112.19050091005106, TRUE, 5, 'kilometer', '2024-08-07 01:05:02.140716', '01J06DSG8ZTVZTBW5NZ87XRVMX', NULL, NULL, NULL, NULL),
('01J4MDJFYXGM9659B8AHN31CCC', 'PLTA TULUNGAGUNG', TRUE, -8.25324225514892, 111.79415672539756, TRUE, 5, 'kilometer', '2024-08-07 01:05:02.140716', '01J06DSG8ZTVZTBW5NZ87XRVMX', NULL, NULL, NULL, NULL),
('01J4MDJFYXGM9659B8AJNKF4HC', 'PLTA WONOREJO', TRUE, -8.021847062687574, 111.80530148121383, TRUE, 5, 'kilometer', '2024-08-07 01:05:02.140716', '01J06DSG8ZTVZTBW5NZ87XRVMX', NULL, NULL, NULL, NULL),
('01J4MDJFYXGM9659B8AK41FYVX', 'PLTA SELOREJO', TRUE, -7.873109493514785, 112.35153381004874, TRUE, 5, 'kilometer', '2024-08-07 01:05:02.140716', '01J06DSG8ZTVZTBW5NZ87XRVMX', NULL, NULL, NULL, NULL),
('01J4MDJFYXGM9659B8AMXF0WZE', 'PLTA MENDALAN', TRUE, -7.855578516559729, 112.32198041004864, TRUE, 5, 'kilometer', '2024-08-07 01:05:02.140716', '01J06DSG8ZTVZTBW5NZ87XRVMX', NULL, NULL, NULL, NULL),
('01J4MDJFYXGM9659B8APXDJ5KS', 'PLTA SIMAN', TRUE, -7.829115773301894, 112.30825717750261, TRUE, 5, 'kilometer', '2024-08-07 01:05:02.140716', '01J06DSG8ZTVZTBW5NZ87XRVMX', NULL, NULL, NULL, NULL),
('01J4MDJFYXGM9659B8ASY0A506', 'PLTA GIRINGAN', TRUE, -7.721443055860269, 111.67433845422944, TRUE, 5, 'kilometer', '2024-08-07 01:05:02.140716', '01J06DSG8ZTVZTBW5NZ87XRVMX', NULL, NULL, NULL, NULL),
('01J4MDJFYXGM9659B8AXW8Y9ZP', 'PLTA GOLANG', TRUE, -7.704148891297087, 111.65842684174159, TRUE, 5, 'kilometer', '2024-08-07 01:05:02.140716', '01J06DSG8ZTVZTBW5NZ87XRVMX', NULL, NULL, NULL, NULL),
('01J4MDJFYXGM9659B8B13SYQH5', 'PLTA NGEBEL', TRUE, -7.814629808283654, 111.62044199470273, TRUE, 5, 'kilometer', '2024-08-07 01:05:02.140716', '01J06DSG8ZTVZTBW5NZ87XRVMX', NULL, NULL, NULL, NULL),
('01J4MDJFYXGM9659B8B1NCPCHX', 'PLTA CITARA', TRUE, -6.680071538463804, 107.34484272883637, TRUE, 5, 'kilometer', '2024-08-07 01:05:02.140716', '01J06DSG8ZTVZTBW5NZ87XRVMX', NULL, NULL, NULL, NULL);

INSERT INTO "public"."plta_units" ("id","plta_id","name","status","created_at","created_by","updated_at","updated_by","deleted_at","deleted_by") VALUES 
('01J4ME71CWZVMTJMQ1SB2C5G7V', '01J4MDJFYXGM9659B8A9TESG0H', '1', TRUE,'2024-08-07 01:05:02.140716', '01J06DSG8ZTVZTBW5NZ87XRVMX', NULL, NULL, NULL, NULL),
('01J4ME71CWZVMTJMQ1SC848N4E', '01J4MDJFYXGM9659B8A9TESG0H', '2', TRUE,'2024-08-07 01:05:02.140716', '01J06DSG8ZTVZTBW5NZ87XRVMX', NULL, NULL, NULL, NULL),
('01J4ME71CWZVMTJMQ1SG6YZ6Q9', '01J4MDJFYXGM9659B8A9X31TFV', '1', TRUE,'2024-08-07 01:05:02.140716', '01J06DSG8ZTVZTBW5NZ87XRVMX', NULL, NULL, NULL, NULL),
('01J4ME71CWZVMTJMQ1SKAGZX72', '01J4MDJFYXGM9659B8A9X31TFV', '2', TRUE,'2024-08-07 01:05:02.140716', '01J06DSG8ZTVZTBW5NZ87XRVMX', NULL, NULL, NULL, NULL),
('01J4ME71CWZVMTJMQ1SNM0S1YB', '01J4MDJFYXGM9659B8A9X31TFV', '3', TRUE,'2024-08-07 01:05:02.140716', '01J06DSG8ZTVZTBW5NZ87XRVMX', NULL, NULL, NULL, NULL),
('01J4ME71CWZVMTJMQ1SPZMFWR5', '01J4MDJFYXGM9659B8ABEYXTJT', '1', TRUE,'2024-08-07 01:05:02.140716', '01J06DSG8ZTVZTBW5NZ87XRVMX', NULL, NULL, NULL, NULL),
('01J4ME71CWZVMTJMQ1STNG6SXW', '01J4MDJFYXGM9659B8ABEYXTJT', '2', TRUE,'2024-08-07 01:05:02.140716', '01J06DSG8ZTVZTBW5NZ87XRVMX', NULL, NULL, NULL, NULL),
('01J4ME71CWZVMTJMQ1SVERVGY7', '01J4MDJFYXGM9659B8AFBVKQSY', '1', TRUE,'2024-08-07 01:05:02.140716', '01J06DSG8ZTVZTBW5NZ87XRVMX', NULL, NULL, NULL, NULL),
('01J4ME71CWZVMTJMQ1SYR7QF7F', '01J4MDJFYXGM9659B8AHN31CCC', '1', TRUE,'2024-08-07 01:05:02.140716', '01J06DSG8ZTVZTBW5NZ87XRVMX', NULL, NULL, NULL, NULL),
('01J4ME71CWZVMTJMQ1T0002BW5', '01J4MDJFYXGM9659B8AHN31CCC', '2', TRUE,'2024-08-07 01:05:02.140716', '01J06DSG8ZTVZTBW5NZ87XRVMX', NULL, NULL, NULL, NULL),
('01J4ME71CWZVMTJMQ1T0Q334V0', '01J4MDJFYXGM9659B8AJNKF4HC', '1', TRUE,'2024-08-07 01:05:02.140716', '01J06DSG8ZTVZTBW5NZ87XRVMX', NULL, NULL, NULL, NULL),
('01J4ME71CWZVMTJMQ1T3GYC5E3', '01J4MDJFYXGM9659B8AK41FYVX', '1', TRUE,'2024-08-07 01:05:02.140716', '01J06DSG8ZTVZTBW5NZ87XRVMX', NULL, NULL, NULL, NULL),
('01J4ME71CWZVMTJMQ1T52QHRDW', '01J4MDJFYXGM9659B8AMXF0WZE', '1', TRUE,'2024-08-07 01:05:02.140716', '01J06DSG8ZTVZTBW5NZ87XRVMX', NULL, NULL, NULL, NULL),
('01J4ME71CWZVMTJMQ1T6EH1PB6', '01J4MDJFYXGM9659B8AMXF0WZE', '2', TRUE,'2024-08-07 01:05:02.140716', '01J06DSG8ZTVZTBW5NZ87XRVMX', NULL, NULL, NULL, NULL),
('01J4ME71CWZVMTJMQ1T7821ZFS', '01J4MDJFYXGM9659B8AMXF0WZE', '3', TRUE,'2024-08-07 01:05:02.140716', '01J06DSG8ZTVZTBW5NZ87XRVMX', NULL, NULL, NULL, NULL),
('01J4ME71CWZVMTJMQ1T89JAHZE', '01J4MDJFYXGM9659B8AMXF0WZE', '4', TRUE,'2024-08-07 01:05:02.140716', '01J06DSG8ZTVZTBW5NZ87XRVMX', NULL, NULL, NULL, NULL),
('01J4ME71CWZVMTJMQ1TAJZPQQ2', '01J4MDJFYXGM9659B8APXDJ5KS', '1', TRUE,'2024-08-07 01:05:02.140716', '01J06DSG8ZTVZTBW5NZ87XRVMX', NULL, NULL, NULL, NULL),
('01J4ME71CWZVMTJMQ1TDQKPHRN', '01J4MDJFYXGM9659B8APXDJ5KS', '2', TRUE,'2024-08-07 01:05:02.140716', '01J06DSG8ZTVZTBW5NZ87XRVMX', NULL, NULL, NULL, NULL),
('01J4ME71CWZVMTJMQ1TEYG7FE0', '01J4MDJFYXGM9659B8APXDJ5KS', '3', TRUE,'2024-08-07 01:05:02.140716', '01J06DSG8ZTVZTBW5NZ87XRVMX', NULL, NULL, NULL, NULL),
('01J4ME71CWZVMTJMQ1TJM4H671', '01J4MDJFYXGM9659B8ASY0A506', '1', TRUE,'2024-08-07 01:05:02.140716', '01J06DSG8ZTVZTBW5NZ87XRVMX', NULL, NULL, NULL, NULL),
('01J4ME71CWZVMTJMQ1TNB5KX8N', '01J4MDJFYXGM9659B8ASY0A506', '2', TRUE,'2024-08-07 01:05:02.140716', '01J06DSG8ZTVZTBW5NZ87XRVMX', NULL, NULL, NULL, NULL),
('01J4ME71CWZVMTJMQ1TRTC97G4', '01J4MDJFYXGM9659B8ASY0A506', '3', TRUE,'2024-08-07 01:05:02.140716', '01J06DSG8ZTVZTBW5NZ87XRVMX', NULL, NULL, NULL, NULL),
('01J4ME71CWZVMTJMQ1TT4M2VRP', '01J4MDJFYXGM9659B8AXW8Y9ZP', '1', TRUE,'2024-08-07 01:05:02.140716', '01J06DSG8ZTVZTBW5NZ87XRVMX', NULL, NULL, NULL, NULL),
('01J4ME71CX4VYJ0SEW9VTGJ65M', '01J4MDJFYXGM9659B8AXW8Y9ZP', '2', TRUE,'2024-08-07 01:05:02.140716', '01J06DSG8ZTVZTBW5NZ87XRVMX', NULL, NULL, NULL, NULL),
('01J4ME71CX4VYJ0SEW9XQVNT8Q', '01J4MDJFYXGM9659B8AXW8Y9ZP', '3', TRUE,'2024-08-07 01:05:02.140716', '01J06DSG8ZTVZTBW5NZ87XRVMX', NULL, NULL, NULL, NULL),
('01J4ME71CX4VYJ0SEW9ZKEFGGB', '01J4MDJFYXGM9659B8B13SYQH5', '1', TRUE,'2024-08-07 01:05:02.140716', '01J06DSG8ZTVZTBW5NZ87XRVMX', NULL, NULL, NULL, NULL),
('01J4ME71CX4VYJ0SEWA1FDVDJ3', '01J4MDJFYXGM9659B8B1NCPCHX', '1', TRUE,'2024-08-07 01:05:02.140716', '01J06DSG8ZTVZTBW5NZ87XRVMX', NULL, NULL, NULL, NULL),
('01J4ME71CX4VYJ0SEWA35N78XY', '01J4MDJFYXGM9659B8B1NCPCHX', '2', TRUE,'2024-08-07 01:05:02.140716', '01J06DSG8ZTVZTBW5NZ87XRVMX', NULL, NULL, NULL, NULL),
('01J4ME71CX4VYJ0SEWA3W3DW0Q', '01J4MDJFYXGM9659B8B1NCPCHX', '3', TRUE,'2024-08-07 01:05:02.140716', '01J06DSG8ZTVZTBW5NZ87XRVMX', NULL, NULL, NULL, NULL),
('01J4ME71CX4VYJ0SEWA6993XH5', '01J4MDJFYXGM9659B8B1NCPCHX', '4', TRUE,'2024-08-07 01:05:02.140716', '01J06DSG8ZTVZTBW5NZ87XRVMX', NULL, NULL, NULL, NULL),
('01J4ME71CX4VYJ0SEWA83HQZY5', '01J4MDJFYXGM9659B8B1NCPCHX', '5', TRUE,'2024-08-07 01:05:02.140716', '01J06DSG8ZTVZTBW5NZ87XRVMX', NULL, NULL, NULL, NULL),
('01J4ME71CX4VYJ0SEWABDNRK2Z', '01J4MDJFYXGM9659B8B1NCPCHX', '6', TRUE,'2024-08-07 01:05:02.140716', '01J06DSG8ZTVZTBW5NZ87XRVMX', NULL, NULL, NULL, NULL),
('01J4ME71CX4VYJ0SEWAE47TZ2D', '01J4MDJFYXGM9659B8B1NCPCHX', '7', TRUE,'2024-08-07 01:05:02.140716', '01J06DSG8ZTVZTBW5NZ87XRVMX', NULL, NULL, NULL, NULL),
('01J4ME71CX4VYJ0SEWAHB0DVGN', '01J4MDJFYXGM9659B8B1NCPCHX', '8', TRUE,'2024-08-07 01:05:02.140716', '01J06DSG8ZTVZTBW5NZ87XRVMX', NULL, NULL, NULL, NULL);